NCSU Score,Opp Score,Order Scheduled,Count,Date,Opponent,Location,Field Name,Result,DELIM
0,0,23,1,10/26/1895,Charlotte Athletic Club,NC - Charlotte,Latta Park,T,:
0,0,39,2,11/10/1899,Guilford,NC - Raleigh,Fair Grounds (Raleigh),T,:
0,0,40,3,11/17/1899,Davidson,NC - Charlotte,Latta Park,T,:
0,0,63,4,10/6/1902,Furman,SC - Greenville,University Grounds,T,:
0,0,68,5,11/8/1902,North Carolina,NC - Raleigh,Fair Grounds (Raleigh),T,:
0,0,87,6,11/5/1904,South Carolina,NC - Raleigh,Fair Grounds (Raleigh),T,:
0,0,96,7,11/11/1905,North Carolina,NC - Raleigh,Fair Grounds (Raleigh),T,:
0,0,100,8,10/6/1906,Virginia,VA - Charlottesville,Lambeth Field,T,:
0,0,101,9,10/11/1906,Richmond,NC - Raleigh,Riddick Field,T,:
0,0,105,10,10/25/1906,Clemson,SC - Columbia,Old State Fair Grounds,T,:
0,0,135,11,10/8/1910,Georgetown,NC - Raleigh,Riddick Field,T,:
0,0,175,12,10/9/1915,Roanoke,NC - Raleigh,Riddick Field,T,:
0,0,182,13,9/27/1916,NC A&M Alumni,NC - Raleigh,Riddick Field,T,:
0,0,263,14,11/15/1924,Maryland,MD - College Park,"""Old"" Byrd Stadium",T,:
0,0,272,15,11/7/1925,Virginia Tech,VA - Blacksburg,Miles Field,T,:
0,0,337,16,10/14/1932,Wake Forest,NC - Raleigh,Riddick Field,T,:
0,0,346,17,10/14/1933,Florida,NC - Raleigh,Riddick Field,T,:
0,0,347,18,10/21/1933,Wake Forest,NC - Wake Forest,Gore Field,T,:
0,0,423,19,10/11/1941,Furman,SC - Greenville,Sirrine Stadium,T,:
0,0,431,20,9/19/1942,Davidson,NC - Wilmington,American Legion Stadium,T,:
0,0,435,21,10/17/1942,Wake Forest,NC - Raleigh,Riddick Field,T,:
0,0,487,22,11/29/1947,Maryland,MD - College Park,"""Old"" Byrd Stadium",T,:
0,0,488,23,9/25/1948,Duke,NC - Raleigh,Riddick Field,T,:
0,0,587,24,10/18/1957,Miami (FL),FL - Miami,Miami Orange Bowl,T,;
0,2,321,1,11/1/1930,Presbyterian,NC - Asheville,Memorial Stadium (Asheville),L,;
0,3,149,1,11/30/1911,Virginia Tech,VA - Norfolk,Lafayette Field,L,:
0,3,172,2,11/14/1914,Virginia Tech,VA - Roanoke,Fair Grounds (Roanoke),L,:
0,3,278,3,10/14/1926,Davidson,NC - Raleigh,Riddick Field,L,:
0,3,396,4,11/5/1938,Manhattan,NY - New York,Yankee Stadium,L,;
0,5,45,1,10/10/1900,Guilford,NC - Greensboro,Central Carolina Fair Grounds,L,:
0,5,70,2,11/21/1902,Davidson,NC - Greensboro,Cone Athletic Park,L,:
0,5,86,3,10/15/1904,Virginia,VA - Charlottesville,Lambeth Field,L,;
0,6,15,1,11/10/1894,Duke,NC - Durham,Trinity Park,L,:
0,6,32,2,11/12/1898,Horner Military School,NC - Durham,Trinity Park,L,:
0,6,73,3,10/12/1903,Virginia Military Institute,VA - Lexington,VMI Parade Ground,L,:
0,6,109,4,11/29/1906,Virginia Tech,VA - Richmond,Broad Street Park (I),L,:
0,6,122,5,10/31/1908,Virginia,VA - Norfolk,Lafayette Field,L,:
0,6,327,6,10/10/1931,Clemson,NC - Charlotte,Central High School Field,L,:
0,6,328,7,10/15/1931,Wake Forest,NC - Raleigh,Riddick Field,L,:
0,6,349,8,11/4/1933,North Carolina,NC - Raleigh,Riddick Field,L,:
0,6,489,9,10/2/1948,Clemson,SC - Clemson,Memorial Stadium (Clemson),L,:
0,6,522,10,10/6/1951,Clemson,NC - Raleigh,Riddick Field,L,;
0,7,173,1,11/26/1914,Washington & Lee,VA - Norfolk,League Park,L,:
0,7,206,2,11/23/1918,Camp Polk,NC - Raleigh,Riddick Field,L,:
0,7,279,3,10/23/1926,Virginia Military Institute,VA - Richmond,Mayo Island Park,L,:
0,7,297,4,10/12/1928,Clemson,SC - Florence,Pee Dee Fairgrounds,L,:
0,7,303,5,11/24/1928,Michigan State,MI - East Lansing,Spartan Stadium,L,:
0,7,319,6,10/16/1930,Wake Forest,NC - Raleigh,Riddick Field,L,:
0,7,351,7,11/25/1933,Duke,NC - Durham,Wallace Wade Stadium,L,:
0,7,369,8,11/23/1935,Duke,NC - Raleigh,Riddick Field,L,:
0,7,395,9,10/29/1938,Virginia Tech,VA - Blacksburg,Miles Field,L,:
0,7,397,10,11/12/1938,Detroit,NC - Raleigh,Riddick Field,L,:
0,7,398,11,11/19/1938,Duke,NC - Durham,Wallace Wade Stadium,L,:
0,7,407,12,11/11/1939,Duquesne,NC - Raleigh,Riddick Field,L,:
0,7,424,13,10/18/1941,Wake Forest,NC - Raleigh,Riddick Field,L,:
0,7,474,14,11/9/1946,Vanderbilt,TN - Nashville,FirstBank Stadium,L,:
0,7,479,15,9/27/1947,Duke,NC - Durham,Wallace Wade Stadium,L,:
0,7,511,16,10/14/1950,Duke,NC - Raleigh,Riddick Field,L,:
0,7,563,17,9/17/1955,Florida State,FL - Tallahassee,Doak Campbell Stadium,L,:
0,7,619,18,10/29/1960,UCLA,CA - Los Angeles,Los Angeles Memorial Coliseum,L,:
0,7,634,19,9/29/1962,Clemson,NC - Raleigh,Riddick Field,L,;
0,8,370,1,11/28/1935,Catholic,"Washington, DC",Griffith Stadium,L,;
0,9,271,1,10/31/1925,Davidson,NC - Davidson,Richardson Field,L,:
0,9,345,2,10/7/1933,Clemson,SC - Clemson,Riggs Field,L,:
0,9,373,3,10/3/1936,Wake Forest,NC - Raleigh,Riddick Field,L,;
0,10,42,1,11/30/1899,Oak Ridge Institute,NC - Raleigh,Fair Grounds (Raleigh),L,:
0,10,94,2,10/7/1905,Virginia,VA - Charlottesville,Lambeth Field,L,:
0,10,258,3,10/11/1924,South Carolina,SC - Columbia,Davis Field,L,:
0,10,259,4,10/16/1924,North Carolina,NC - Raleigh,Riddick Field,L,;
0,12,49,1,11/10/1900,South Carolina,SC - Columbia,Davis Field,L,:
0,12,264,2,11/22/1924,Wake Forest,NC - Raleigh,Riddick Field,L,:
0,12,280,3,10/30/1926,North Carolina,NC - Chapel Hill,Emerson Field,L,:
0,12,316,4,9/27/1930,Davidson,NC - Greensboro,World War Memorial Stadium,L,;
0,13,310,1,11/9/1929,Davidson,NC - Raleigh,Riddick Field,L,:
0,13,339,2,10/29/1932,North Carolina,NC - Chapel Hill,Kenan Memorial Stadium,L,:
0,13,364,3,10/19/1935,Georgia,NC - Raleigh,Riddick Field,L,:
0,13,380,4,11/26/1936,Duke,NC - Durham,Wallace Wade Stadium,L,:
0,13,402,5,9/29/1939,Tennessee,NC - Raleigh,Riddick Field,L,:
0,13,461,6,10/6/1945,Clemson,NC - Raleigh,Riddick Field,L,:
0,13,579,7,11/3/1956,Wake Forest,NC - Winston-Salem,Bowman-Gray Stadium,L,;
0,14,222,1,10/30/1920,Virginia Military Institute,VA - Lexington,VMI Parade Ground,L,:
0,14,240,2,10/28/1922,Virginia Military Institute,VA - Norfolk,League Park,L,:
0,14,249,3,10/18/1923,North Carolina,NC - Raleigh,Riddick Field,L,:
0,14,254,4,11/24/1923,Wake Forest,NC - Raleigh,Riddick Field,L,:
0,14,274,5,11/21/1925,Washington & Lee,VA - Lexington,Wilson Field,L,:
0,14,350,6,11/11/1933,South Carolina,SC - Columbia,Melton Field,L,:
0,14,355,7,10/20/1934,Florida,FL - Tampa,Plant Field,L,:
0,14,392,8,10/8/1938,Alabama,AL - Tuscaloosa,Bryant-Denny Stadium,L,:
0,14,399,9,11/24/1938,Carnegie Institute of Technology,NC - Raleigh,Riddick Field,L,:
0,14,491,10,10/16/1948,North Carolina,NC - Chapel Hill,Kenan Memorial Stadium,L,:
0,14,576,11,10/13/1956,Florida State,NC - Raleigh,Riddick Field,L,:
0,14,651,12,11/16/1963,Florida State,FL - Tallahassee,Doak Campbell Stadium,L,:
0,14,1008,13,9/23/1995,Baylor,NC - Raleigh,Carter-Finley Stadium,L,;
0,15,388,1,11/13/1937,Manhattan,NY - Brooklyn,Ebbets Field,L,;
0,16,13,1,10/20/1894,North Carolina,NC - Raleigh,Athletic Park (Raleigh),L,:
0,16,184,2,10/7/1916,Davidson,NC - Charlotte,Wearn Field,L,:
0,16,247,3,10/6/1923,Penn State,PA - State College,New Beaver Field,L,:
0,16,252,4,11/10/1923,Virginia Tech,VA - Norfolk,League Park,L,;
0,17,50,1,11/12/1900,Davidson,NC - Charlotte,Latta Park,L,:
0,17,243,2,11/18/1922,Georgia Tech,GA - Atlanta,Bobby Dodd Stadium,L,:
0,17,269,3,10/15/1925,North Carolina,NC - Raleigh,Riddick Field,L,:
0,17,406,4,11/4/1939,North Carolina,NC - Chapel Hill,Kenan Memorial Stadium,L,;
0,18,29,1,10/22/1897,Guilford,NC - Raleigh,Athletic Park (Raleigh),L,:
0,18,77,2,11/2/1903,Transylvania,NC - Raleigh,Fair Grounds (Raleigh),L,:
0,18,323,3,11/15/1930,Duke,NC - Raleigh,Riddick Field,L,;
0,19,324,1,11/22/1930,South Carolina,SC - Columbia,Melton Field,L,:
0,19,716,2,9/19/1970,North Carolina,NC - Chapel Hill,Kenan Memorial Stadium,L,;
0,20,286,1,9/30/1927,Furman,SC - Greenville,Manly Field,L,:
0,20,382,2,10/2/1937,North Carolina,NC - Raleigh,Riddick Field,L,:
0,20,632,3,11/25/1961,Clemson,SC - Clemson,Memorial Stadium (Clemson),L,;
0,21,74,1,10/17/1903,Virginia Tech,VA - Blacksburg,Miles Field,L,:
0,21,189,2,11/30/1916,Washington & Lee,NC - Raleigh,Riddick Field,L,:
0,21,198,3,11/29/1917,West Virginia,WV - Morgantown,WVU Athletic Field,L,:
0,21,207,4,11/28/1918,Wake Forest,NC - Raleigh,Riddick Field,L,:
0,21,333,5,11/21/1931,South Carolina,SC - Columbia,Melton Field,L,:
0,21,391,6,10/1/1938,North Carolina,NC - Raleigh,Riddick Field,L,:
0,21,520,7,9/22/1951,North Carolina,NC - Chapel Hill,Kenan Memorial Stadium,L,:
0,21,657,8,10/10/1964,Alabama,AL - Tuscaloosa,Bryant-Denny Stadium,L,;
0,22,5,1,10/12/1893,North Carolina (Scrubs),NC - Chapel Hill,"""Old"" Campus Athletic Field (Chapel Hill)",L,;
0,23,605,1,10/10/1959,Clemson,SC - Clemson,Memorial Stadium (Clemson),L,;
0,24,41,1,11/18/1899,Clemson,SC - Rock Hill,Athletic Park (Rock Hill),L,:
0,24,76,2,10/28/1903,Clemson,SC - Columbia,Old State Fair Grounds,L,:
0,24,242,3,11/11/1922,Virginia Tech,VA - Norfolk,League Park,L,:
0,24,838,4,11/1/1980,Maryland,MD - College Park,SECU Stadium,L,;
0,25,205,1,11/16/1918,Virginia Tech,VA - Norfolk,League Park,L,;
0,26,306,1,10/11/1929,Clemson,SC - Florence,Pee Dee Fairgrounds,L,:
0,26,555,2,10/2/1954,Wake Forest,NC - Wake Forest,"""Old"" Groves Field",L,:
0,26,608,3,10/31/1959,Wyoming,NC - Raleigh,Riddick Field,L,;
0,27,219,1,10/9/1920,Georgetown,"Washington, DC",Griffith Stadium,L,:
0,27,317,2,10/4/1930,Florida,FL - Tampa,Plant Field,L,:
0,27,318,3,10/11/1930,Clemson,NC - Charlotte,Central High School Field,L,:
0,27,359,4,11/17/1934,Georgia,GA - Athens,Sanford Stadium,L,:
0,27,443,5,10/9/1943,Camp Davis,NC - Holly Ridge,Camp Davis athletic field,L,:
0,27,510,6,10/7/1950,Clemson,SC - Clemson,Memorial Stadium (Clemson),L,;
0,28,180,1,11/13/1915,Georgetown,"Washington, DC",Georgetown Field,L,:
0,28,409,2,11/25/1939,Duke,NC - Raleigh,Riddick Field,L,:
0,28,436,3,10/24/1942,Holy Cross,MA - Worcester,Fitton Field,L,;
0,30,58,1,11/17/1901,North Carolina,NC - Raleigh,Fair Grounds (Raleigh),L,:
0,30,637,2,10/20/1962,Southern Mississippi,AL - Mobile,Ladd-Peebles Stadium,L,;
0,31,276,1,10/2/1926,Furman,NC - Raleigh,Riddick Field,L,:
0,31,547,2,10/24/1953,Duke,NC - Durham,Wallace Wade Stadium,L,:
0,31,725,3,11/21/1970,Tulane,LA - New Orleans,Tulane Stadium,L,:
0,31,950,4,10/13/1990,Virginia,VA - Charlottesville,Scott Stadium,L,;
0,32,309,1,11/2/1929,North Carolina,NC - Chapel Hill,Kenan Memorial Stadium,L,:
0,32,360,2,12/1/1934,Duke,NC - Durham,Wallace Wade Stadium,L,:
0,32,404,3,10/14/1939,Wake Forest,NC - Raleigh,Riddick Field,L,;
0,34,31,1,10/15/1898,North Carolina,NC - Chapel Hill,"""Old"" Campus Athletic Field (Chapel Hill)",L,:
0,34,35,2,10/7/1899,North Carolina,NC - Chapel Hill,"""Old"" Campus Athletic Field (Chapel Hill)",L,:
0,34,265,3,11/27/1924,Washington & Lee,NC - Raleigh,Riddick Field,L,:
0,34,326,4,10/3/1931,Florida,NC - Raleigh,Riddick Field,L,:
0,34,517,5,11/25/1950,William & Mary,VA - Norfolk,S.B. Ballard Stadium,L,:
0,34,910,6,9/12/1987,Pittsburgh,PA - Pittsburgh,Pitt Stadium,L,:
0,34,1160,7,8/28/2008,South Carolina,SC - Columbia,Williams-Brice Stadium,L,:
0,34,1205,8,10/29/2011,Florida State,FL - Tallahassee,Doak Campbell Stadium,L,;
0,35,229,1,10/8/1921,Penn State,PA - State College,New Beaver Field,L,;
0,36,19,1,10/12/1895,North Carolina,NC - Chapel Hill,"""Old"" Campus Athletic Field (Chapel Hill)",L,;
0,37,1159,1,11/24/2007,Maryland,NC - Raleigh,Carter-Finley Stadium,L,;
0,39,57,1,10/16/1901,North Carolina,NC - Chapel Hill,Emerson Field,L,:
0,39,530,2,9/27/1952,George Washington,NC - Raleigh,Riddick Field,L,;
0,40,27,1,10/2/1897,North Carolina,NC - Chapel Hill,"""Old"" Campus Athletic Field (Chapel Hill)",L,:
0,40,155,2,11/16/1912,Navy,MD - Annapolis,Worden Field,L,:
0,40,186,3,10/28/1916,Virginia Tech,VA - Norfolk,League Park,L,:
0,40,228,4,10/1/1921,Navy,MD - Annapolis,Farragut Field,L,;
0,41,220,1,10/16/1920,Penn State,PA - State College,New Beaver Field,L,:
0,41,1241,2,10/4/2014,Clemson,SC - Clemson,Memorial Stadium (Clemson),L,;
0,42,578,1,10/27/1956,Duke,NC - Durham,Wallace Wade Stadium,L,;
0,44,11,1,10/12/1894,North Carolina,NC - Chapel Hill,"""Old"" Campus Athletic Field (Chapel Hill)",L,;
0,45,884,1,11/10/1984,Virginia,VA - Charlottesville,Scott Stadium,L,;
0,47,440,1,11/21/1942,Duke,NC - Durham,Wallace Wade Stadium,L,;
0,48,152,1,10/17/1912,Georgetown,NC - Raleigh,Riddick Field,L,:
0,48,916,2,10/31/1987,South Carolina,SC - Columbia,Williams-Brice Stadium,L,;
0,49,209,1,10/4/1919,Navy,MD - Annapolis,Farragut Field,L,:
0,49,532,2,10/4/1952,Georgia,GA - Athens,Sanford Stadium,L,;
0,50,187,1,11/11/1916,Navy,MD - Annapolis,Farragut Field,L,;
0,53,528,1,11/17/1951,Maryland,MD - College Park,SECU Stadium,L,;
0,54,861,1,11/6/1982,Penn State,PA - State College,Beaver Stadium,L,;
0,57,535,1,10/18/1952,Duke,NC - Raleigh,Riddick Field,L,;
0,61,551,1,11/21/1953,West Virginia,NC - Raleigh,Riddick Field,L,;
0,75,447,1,11/6/1943,Duke,NC - Raleigh,Riddick Field,L,;
0,128,204,1,11/9/1918,Georgia Tech,GA - Atlanta,Bobby Dodd Stadium,L,;
2,0,438,1,11/7/1942,Miami (FL),FL - Miami,Miami Orange Bowl,W,;
2,5,64,1,10/13/1902,Furman,NC - Raleigh,Fair Grounds (Raleigh),L,;
2,6,372,1,9/26/1936,Davidson,NC - Raleigh,Riddick Field,L,;
2,18,47,1,10/26/1900,Virginia Tech,NC - Raleigh,Fair Grounds (Raleigh),L,;
2,26,526,1,11/2/1951,Louisville,KY - Louisville,Parkway Field,L,;
2,27,722,1,10/31/1970,Kentucky,KY - Lexington,McLean Stadium,L,;
3,0,131,1,11/6/1909,Washington & Lee,VA - Lexington,Wilson Field,W,:
3,0,215,2,11/15/1919,Virginia Tech,VA - Norfolk,League Park,W,:
3,0,614,3,9/24/1960,North Carolina,NC - Chapel Hill,Kenan Memorial Stadium,W,:
3,0,672,4,11/13/1965,Florida State,NC - Raleigh,Riddick Field,W,;
3,3,232,1,11/5/1921,Davidson,NC - Charlotte,Wearn Field,T,;
3,7,233,1,11/11/1921,Virginia Tech,VA - Norfolk,League Park,L,:
3,7,277,2,10/9/1926,Clemson,SC - Clemson,Riggs Field,L,:
3,7,378,3,11/7/1936,Boston College,MA - Boston,Fenway Park,L,:
3,7,803,4,10/22/1977,Clemson,SC - Clemson,Memorial Stadium (Clemson),L,:
3,7,1173,5,9/3/2009,South Carolina,NC - Raleigh,Carter-Finley Stadium,L,;
3,21,911,1,9/19/1987,Wake Forest,NC - Winston-Salem,Allegacy Federal Credit Union Stadium,L,;
3,24,1374,1,10/14/2023,Duke,NC - Durham,Wallace Wade Stadium,L,;
3,28,562,1,11/20/1954,West Virginia,WV - Morgantown,Mountaineer Field,L,;
3,34,1002,1,11/19/1994,Florida State,NC - Raleigh,Carter-Finley Stadium,L,;
3,35,658,1,10/17/1964,Duke,NC - Durham,Wallace Wade Stadium,L,:
3,35,735,2,11/13/1971,Penn State,PA - State College,Beaver Stadium,L,;
3,41,863,1,11/20/1982,Miami (FL),FL - Miami,Miami Orange Bowl,L,;
3,62,991,1,11/20/1993,Florida State,FL - Tallahassee,Doak Campbell Stadium,L,;
4,4,21,1,10/19/1895,Wake Forest,NC - Raleigh,Athletic Park (Raleigh),T,:
4,4,103,2,10/15/1906,Washington & Lee,VA - Lexington,Wilson Field,T,;
5,0,66,1,10/20/1902,St. Albans,VA - Roanoke,Fair Grounds (Roanoke),W,:
5,0,93,2,9/29/1905,Virginia Military Institute,VA - Lexington,VMI Parade Ground,W,:
5,0,120,3,10/15/1908,Georgetown,NC - Raleigh,Riddick Field,W,:
5,0,132,4,11/13/1909,USS Franklin,NC - Raleigh,Riddick Field,W,;
5,3,141,1,11/24/1910,Virginia Tech,VA - Norfolk,Lafayette Field,W,;
5,5,116,1,11/20/1907,All-Stars of North Carolina,NC - Raleigh,Riddick Field,T,;
5,6,143,1,10/14/1911,Virginia Military Institute,VA - Lexington,VMI Parade Ground,L,;
5,11,48,1,11/2/1900,Guilford,NC - Raleigh,Pullen Park,L,:
5,11,62,2,10/4/1902,Clemson,SC - Clemson,Bowman Field,L,;
5,17,54,1,11/29/1900,South Carolina,NC - Raleigh,Fair Grounds (Raleigh),L,;
5,18,134,1,11/25/1909,Virginia Tech,VA - Norfolk,Norfolk Athletic Park,L,;
6,0,20,1,10/18/1895,Richmond,NC - Raleigh,Athletic Park (Raleigh),W,:
6,0,25,2,12/31/1896,Guilford,UNKNOWN,UNKNOWN,W,:
6,0,84,3,10/1/1904,Virginia Military Institute,VA - Lexington,VMI Parade Ground,W,:
6,0,115,4,11/16/1907,Davidson,NC - Charlotte,Latta Park,W,:
6,0,144,5,10/19/1911,Bucknell,NC - Raleigh,Riddick Field,W,:
6,0,164,6,11/27/1913,Washington & Lee,VA - Norfolk,League Park,W,:
6,0,185,7,10/19/1916,Wake Forest,NC - Raleigh,Riddick Field,W,:
6,0,246,8,9/29/1923,Roanoke,NC - Raleigh,Riddick Field,W,:
6,0,273,9,11/13/1925,Wake Forest,NC - Raleigh,Riddick Field,W,:
6,0,281,10,11/6/1926,Lenoir-Rhyne,NC - Raleigh,Riddick Field,W,:
6,0,331,11,11/7/1931,Mississippi State,MS - Starkville,Davis Wade Stadium,W,:
6,0,341,12,11/12/1932,Duke,NC - Raleigh,Riddick Field,W,:
6,0,354,13,10/13/1934,South Carolina,NC - Raleigh,Riddick Field,W,:
6,0,367,14,11/9/1935,Virginia Tech,VA - Portsmouth,Washington Street Park,W,:
6,0,368,15,11/16/1935,Richmond,VA - Richmond,City Stadium,W,:
6,0,465,16,11/3/1945,Virginia Tech,NC - Raleigh,Riddick Field,W,:
6,0,721,17,10/24/1970,Maryland,VA - Norfolk,S.B. Ballard Stadium,W,;
6,2,381,1,9/18/1937,Davidson,NC - Greensboro,World War Memorial Stadium,W,;
6,3,262,1,11/8/1924,Virginia Tech,NC - Raleigh,Riddick Field,W,;
6,5,52,1,11/19/1900,Georgia,NC - Raleigh,Fair Grounds (Raleigh),W,:
6,5,80,2,11/14/1903,South Carolina,NC - Raleigh,Fair Grounds (Raleigh),W,:
6,5,126,3,11/26/1908,Virginia Tech,VA - Norfolk,Lafayette Field,W,;
6,6,89,1,11/16/1904,North Carolina,NC - Chapel Hill,Emerson Field,T,:
6,6,136,2,10/20/1910,Villanova,NC - Raleigh,Riddick Field,T,:
6,6,235,3,11/24/1921,Maryland,MD - Baltimore,Oriole Park,T,:
6,6,300,4,11/3/1928,North Carolina,NC - Raleigh,Riddick Field,T,:
6,6,348,5,10/28/1933,Davidson,NC - Raleigh,Riddick Field,T,:
6,6,421,6,9/27/1941,Davidson,NC - Greensboro,World War Memorial Stadium,T,:
6,6,516,7,11/18/1950,Wake Forest,NC - Wake Forest,"""Old"" Groves Field",T,;
6,7,245,1,11/30/1922,Maryland,NC - Raleigh,Riddick Field,L,:
6,7,268,2,10/10/1925,South Carolina,NC - Raleigh,Riddick Field,L,:
6,7,358,3,11/10/1934,Virginia Tech,VA - Portsmouth,Washington Street Park,L,:
6,7,379,4,11/14/1936,Catholic,"Washington, DC",Griffith Stadium,L,:
6,7,482,5,10/18/1947,Florida State,NC - Raleigh,Riddick Field,L,:
6,7,499,6,10/1/1949,Clemson,NC - Raleigh,Riddick Field,L,:
6,7,548,7,10/31/1953,William & Mary,NC - Raleigh,Riddick Field,L,:
6,7,559,8,10/30/1954,Furman,NC - Raleigh,Riddick Field,L,:
6,7,590,9,11/9/1957,William & Mary,NC - Raleigh,Riddick Field,L,:
6,7,682,10,11/12/1966,Southern Mississippi,VA - Norfolk,S.B. Ballard Stadium,L,;
6,10,1060,1,11/11/1999,North Carolina,NC - Charlotte,Bank of America Stadium,L,;
6,11,65,1,10/18/1902,Virginia Tech,VA - Blacksburg,Miles Field,L,;
6,12,357,1,11/3/1934,Clemson,NC - Raleigh,Riddick Field,L,;
6,13,322,1,11/7/1930,North Carolina,NC - Chapel Hill,Kenan Memorial Stadium,L,:
6,13,374,2,10/9/1936,Manhattan,NY - Brooklyn,Ebbets Field,L,:
6,13,597,3,10/18/1958,William & Mary,VA - Williamsburg,Zable Stadium,L,:
6,13,601,4,11/15/1958,Clemson,NC - Raleigh,Riddick Field,L,;
6,14,237,1,10/7/1922,Washington & Lee,VA - Lexington,Wilson Field,L,:
6,14,472,2,10/26/1946,Virginia Tech,VA - Blacksburg,Miles Field,L,:
6,14,502,3,10/22/1949,Maryland,NC - Raleigh,Riddick Field,L,:
6,14,635,4,10/6/1962,Maryland,NC - Raleigh,Riddick Field,L,:
6,14,693,5,11/18/1967,Clemson,SC - Clemson,Memorial Stadium (Clemson),L,:
6,14,718,6,10/3/1970,Florida,FL - Gainesville,Ben Hill Griffin Stadium,L,:
6,14,852,7,11/21/1981,Miami (FL),NC - Raleigh,Carter-Finley Stadium,L,;
6,16,156,1,11/28/1912,Washington & Lee,VA - Norfolk,Lafayette Field,L,:
6,16,790,2,10/9/1976,Maryland,NC - Raleigh,Carter-Finley Stadium,L,;
6,17,146,1,11/4/1911,Navy,MD - Annapolis,Worden Field,L,:
6,17,628,2,10/28/1961,Duke,NC - Raleigh,Riddick Field,L,:
6,17,640,3,11/10/1962,South Carolina,SC - Columbia,Williams-Brice Stadium,L,;
6,20,313,1,11/30/1929,South Carolina,NC - Raleigh,Riddick Field,L,:
6,20,416,2,11/2/1940,Furman,NC - Raleigh,Riddick Field,L,:
6,20,554,3,9/25/1954,North Carolina,NC - Chapel Hill,Kenan Memorial Stadium,L,;
6,21,377,1,10/31/1936,North Carolina,NC - Chapel Hill,Kenan Memorial Stadium,L,:
6,21,405,2,10/21/1939,Detroit,MI - Detroit,University of Detroit Stadium,L,:
6,21,521,3,9/29/1951,Wake Forest,NC - Raleigh,Riddick Field,L,:
6,21,538,4,11/1/1952,Wake Forest,NC - Wake Forest,"""Old"" Groves Field",L,:
6,21,594,5,9/27/1958,Maryland,NC - Raleigh,Riddick Field,L,:
6,21,715,6,9/12/1970,Richmond,VA - Richmond,City Stadium,L,;
6,22,720,1,10/17/1970,Duke,NC - Raleigh,Carter-Finley Stadium,L,;
6,23,856,1,9/25/1982,Maryland,MD - College Park,SECU Stadium,L,:
6,23,1061,2,11/20/1999,East Carolina,NC - Greenville,Dowdy-Ficklen Stadium,L,;
6,24,312,1,11/23/1929,Villanova,PA - Philadelphia,Franklin Field,L,:
6,24,728,2,9/25/1971,South Carolina,SC - Columbia,Williams-Brice Stadium,L,;
6,25,403,1,10/7/1939,Clemson,NC - Charlotte,American Legion Memorial Stadium,L,;
6,26,460,1,9/29/1945,Virginia,VA - Norfolk,S.B. Ballard Stadium,L,:
6,26,496,2,11/20/1948,William & Mary,VA - Williamsburg,Zable Stadium,L,:
6,26,498,3,9/24/1949,North Carolina,NC - Chapel Hill,Kenan Memorial Stadium,L,;
6,27,270,1,10/24/1925,Virginia Military Institute,VA - Richmond,Mayo Island Park,L,:
6,27,305,2,10/4/1929,Washington & Lee,NC - Raleigh,Riddick Field,L,:
6,27,422,3,10/4/1941,Clemson,NC - Charlotte,American Legion Memorial Stadium,L,;
6,28,662,1,11/14/1964,Florida State,FL - Tallahassee,Doak Campbell Stadium,L,:
6,28,668,2,10/16/1965,Florida,FL - Gainesville,Ben Hill Griffin Stadium,L,;
6,29,874,1,11/19/1983,Maryland,NC - Raleigh,Carter-Finley Stadium,L,;
6,33,1219,1,11/3/2012,Virginia,NC - Raleigh,Carter-Finley Stadium,L,;
6,35,366,1,11/2/1935,North Carolina,NC - Raleigh,Riddick Field,L,:
6,35,574,2,9/29/1956,Virginia Tech,VA - Norfolk,S.B. Ballard Stadium,L,;
6,38,296,1,10/6/1928,Washington & Lee,VA - Lexington,Wilson Field,L,;
6,40,308,1,10/26/1929,Michigan State,MI - East Lansing,Spartan Stadium,L,:
6,40,550,2,11/14/1953,Pittsburgh,PA - Pittsburgh,Pitt Stadium,L,;
6,41,484,1,11/8/1947,North Carolina,NC - Chapel Hill,Kenan Memorial Stadium,L,:
6,41,541,2,11/22/1952,William & Mary,VA - Williamsburg,Zable Stadium,L,;
6,42,22,1,10/25/1895,Virginia Military Institute,GA - Atlanta,Athletic Park (Atlanta),L,:
6,42,419,2,11/23/1940,Duke,NC - Durham,Wallace Wade Stadium,L,;
6,48,540,1,11/15/1952,Pittsburgh,PA - Pittsburgh,Pitt Stadium,L,;
6,51,257,1,10/4/1924,Penn State,PA - State College,New Beaver Field,L,;
6,54,444,1,10/16/1943,Wake Forest,NC - Raleigh,Riddick Field,L,;
6,55,429,1,11/22/1941,Duke,NC - Raleigh,Riddick Field,L,;
6,61,188,1,11/18/1916,Georgetown,"Washington, DC",Georgetown Field,L,;
7,0,151,1,10/12/1912,Virginia Medical College,NC - Raleigh,Riddick Field,W,:
7,0,153,2,10/26/1912,Davidson,NC - Charlotte,Wearn Field,W,:
7,0,176,3,10/16/1915,Wake Forest,NC - Wake Forest,Athletic Field (Wake Forest),W,:
7,0,230,4,10/20/1921,North Carolina,NC - Raleigh,Riddick Field,W,:
7,0,248,5,10/13/1923,South Carolina,NC - Raleigh,Riddick Field,W,:
7,0,343,6,9/23/1933,Catawba,NC - Raleigh,Riddick Field,W,:
7,0,352,7,9/29/1934,Davidson,NC - Greensboro,World War Memorial Stadium,W,:
7,0,492,8,10/23/1948,Chattanooga,TN - Chattanooga,Chamberlain Field,W,:
7,0,514,9,11/4/1950,Richmond,VA - Richmond,City Stadium,W,:
7,0,583,10,9/21/1957,North Carolina,NC - Chapel Hill,Kenan Memorial Stadium,W,:
7,0,586,11,10/12/1957,Florida State,FL - Tallahassee,Doak Campbell Stadium,W,:
7,0,627,12,10/21/1961,Wake Forest,NC - Raleigh,Riddick Field,W,:
7,0,825,13,10/13/1979,Maryland,NC - Raleigh,Carter-Finley Stadium,W,:
7,0,956,14,9/7/1991,Virginia Tech,NC - Raleigh,Carter-Finley Stadium,W,;
7,2,486,1,11/22/1947,Virginia,VA - Charlottesville,Scott Stadium,W,;
7,3,191,1,10/5/1917,Davidson,NC - Raleigh,Riddick Field,W,:
7,3,284,2,11/25/1926,Wake Forest,NC - Raleigh,Riddick Field,W,:
7,3,340,3,11/5/1932,Davidson,NC - Charlotte,Central High School Field,W,:
7,3,645,4,10/5/1963,Clemson,SC - Clemson,Memorial Stadium (Clemson),W,:
7,3,804,5,10/29/1977,South Carolina,SC - Columbia,Williams-Brice Stadium,W,;
7,4,112,1,10/12/1907,Richmond,VA - Richmond,Broad Street Park (I),W,;
7,6,433,1,10/3/1942,Clemson,NC - Charlotte,American Legion Memorial Stadium,W,:
7,6,445,2,10/23/1943,Greenville Air Base,SC - Greenville,Sirrine Stadium,W,:
7,6,509,3,9/30/1950,Catawba,NC - Raleigh,Riddick Field,W,:
7,6,629,4,11/4/1961,Southern Mississippi,AL - Mobile,Ladd-Peebles Stadium,W,:
7,6,633,5,9/22/1962,North Carolina,NC - Chapel Hill,Kenan Memorial Stadium,W,;
7,7,171,1,11/7/1914,Georgetown,"Washington, DC",Georgetown Field,T,:
7,7,197,2,11/17/1917,Virginia Tech,VA - Norfolk,League Park,T,:
7,7,231,3,10/29/1921,Virginia Military Institute,NC - Raleigh,Riddick Field,T,:
7,7,342,4,11/24/1932,South Carolina,NC - Raleigh,Riddick Field,T,:
7,7,356,5,10/27/1934,North Carolina,NC - Chapel Hill,Kenan Memorial Stadium,T,:
7,7,383,6,10/9/1937,Furman,SC - Greenville,Sirrine Stadium,T,:
7,7,394,7,10/22/1938,Furman,NC - Raleigh,Riddick Field,T,:
7,7,717,8,9/26/1970,South Carolina,NC - Raleigh,Carter-Finley Stadium,T,;
7,9,829,1,11/10/1979,Penn State,NC - Raleigh,Carter-Finley Stadium,L,;
7,10,630,1,11/11/1961,Maryland,MD - College Park,SECU Stadium,L,:
7,10,667,2,10/9/1965,North Carolina,NC - Raleigh,Riddick Field,L,:
7,10,675,3,9/24/1966,North Carolina,NC - Chapel Hill,Kenan Memorial Stadium,L,;
7,12,329,1,10/23/1931,Catholic,NC - Raleigh,Riddick Field,L,:
7,12,602,2,11/22/1958,South Carolina,SC - Columbia,Williams-Brice Stadium,L,:
7,12,611,3,11/21/1959,South Carolina,SC - Columbia,Williams-Brice Stadium,L,;
7,13,414,1,10/19/1940,North Carolina,NC - Raleigh,Riddick Field,L,:
7,13,452,2,10/7/1944,Clemson,NC - Charlotte,American Legion Memorial Stadium,L,:
7,13,508,3,9/23/1950,North Carolina,NC - Chapel Hill,Kenan Memorial Stadium,L,:
7,13,557,4,10/16/1954,Florida State,NC - Raleigh,Riddick Field,L,:
7,13,575,5,10/6/1956,Clemson,NC - Raleigh,Riddick Field,L,:
7,13,596,6,10/11/1958,Wake Forest,NC - Winston-Salem,Bowman-Gray Stadium,L,:
7,13,666,7,10/2/1965,South Carolina,SC - Columbia,Williams-Brice Stadium,L,;
7,14,162,1,11/8/1913,Virginia Military Institute,VA - Richmond,Broad Street Park (II),L,:
7,14,299,2,10/27/1928,Florida,FL - Jacksonville,Gator Bowl Stadium,L,:
7,14,581,3,11/17/1956,Penn State,PA - State College,New Beaver Field,L,:
7,14,1143,4,10/28/2006,Virginia,VA - Charlottesville,Scott Stadium,L,;
7,17,260,1,10/25/1924,Virginia Military Institute,VA - Richmond,Mayo Island Park,L,:
7,17,848,2,10/24/1981,Clemson,SC - Clemson,Memorial Stadium (Clemson),L,:
7,17,851,3,11/14/1981,Duke,NC - Durham,Wallace Wade Stadium,L,;
7,19,434,1,10/10/1942,North Carolina Pre-Flight,NC - Raleigh,Riddick Field,L,:
7,19,442,2,10/2/1943,Clemson,NC - Charlotte,American Legion Memorial Stadium,L,;
7,20,389,1,11/20/1937,Duke,NC - Raleigh,Riddick Field,L,:
7,20,428,2,11/15/1941,Georgetown,"Washington, DC",Griffith Stadium,L,:
7,20,544,3,10/3/1953,George Washington,VA - Alexandria,George Washington High School Stadium,L,:
7,20,546,4,10/17/1953,Wake Forest,NC - Raleigh,Riddick Field,L,:
7,20,1033,5,10/18/1997,North Carolina,NC - Raleigh,Carter-Finley Stadium,L,;
7,21,449,1,11/25/1943,North Carolina Pre-Flight,NC - Raleigh,Riddick Field,L,:
7,21,454,2,10/21/1944,Wake Forest,NC - Raleigh,Riddick Field,L,:
7,21,467,3,11/16/1945,Miami (FL),FL - Miami,Miami Orange Bowl,L,:
7,21,497,4,11/27/1948,Villanova,NC - Raleigh,Riddick Field,L,:
7,21,558,5,10/23/1954,Duke,NC - Raleigh,Riddick Field,L,:
7,21,664,6,9/18/1965,Clemson,SC - Clemson,Memorial Stadium (Clemson),L,;
7,22,250,1,10/27/1923,Virginia Military Institute,VA - Lexington,Alumni Field (Lexington),L,;
7,23,927,1,10/29/1988,South Carolina,NC - Raleigh,Carter-Finley Stadium,L,;
7,26,413,1,10/5/1940,Clemson,NC - Charlotte,American Legion Memorial Stadium,L,:
7,26,626,2,10/14/1961,Alabama,AL - Tuscaloosa,Bryant-Denny Stadium,L,;
7,27,410,1,12/1/1939,Miami (FL),FL - Miami,Miami Orange Bowl,L,:
7,27,549,2,11/7/1953,Army,NY - West Point,Michie Stadium,L,:
7,27,572,3,11/25/1955,West Virginia,NC - Raleigh,Riddick Field,L,:
7,27,729,4,10/2/1971,North Carolina,NC - Raleigh,Carter-Finley Stadium,L,:
7,27,793,5,10/30/1976,South Carolina,SC - Columbia,Williams-Brice Stadium,L,:
7,27,833,6,9/27/1980,Wake Forest,NC - Raleigh,Carter-Finley Stadium,L,;
7,28,194,1,10/27/1917,Washington & Lee,VA - Lexington,Wilson Field,L,;
7,29,543,1,9/26/1953,North Carolina,NC - Chapel Hill,Kenan Memorial Stadium,L,;
7,31,812,1,10/7/1978,Maryland,MD - College Park,SECU Stadium,L,:
7,31,1054,2,9/25/1999,Wake Forest,NC - Winston-Salem,Allegacy Federal Credit Union Stadium,L,;
7,33,507,1,11/26/1949,William & Mary,VA - Williamsburg,Zable Stadium,L,:
7,33,564,2,9/24/1955,Duke,NC - Raleigh,Riddick Field,L,;
7,35,727,1,9/18/1971,Maryland,MD - College Park,SECU Stadium,L,;
7,41,1294,1,10/20/2018,Clemson,SC - Clemson,Memorial Stadium (Clemson),L,;
7,42,992,1,1/1/1994,Michigan,FL - Tampa,Tampa Stadium,L,;
7,48,704,1,11/16/1968,Florida State,NC - Raleigh,Carter-Finley Stadium,L,;
7,54,542,1,12/6/1952,Texas Tech,TX - Lubbock,Jones Stadium,L,;
8,4,2,1,10/20/1892,A&M Scrubs and Raleigh Male Academy,NC - Raleigh,Fair Grounds (Raleigh),W,;
8,6,7,1,11/17/1893,North Carolina (Scrubs),NC - Raleigh,Athletic Park (Raleigh),W,:
8,6,307,2,10/17/1929,Wake Forest,NC - Raleigh,Riddick Field,W,;
8,7,775,1,9/20/1975,Florida,NC - Raleigh,Carter-Finley Stadium,W,;
8,8,622,1,11/19/1960,South Carolina,SC - Columbia,Williams-Brice Stadium,T,;
8,13,692,1,11/11/1967,Penn State,PA - State College,Beaver Stadium,L,;
8,28,836,1,10/18/1980,North Carolina,NC - Chapel Hill,Kenan Memorial Stadium,L,;
8,33,714,1,11/29/1969,Penn State,NC - Raleigh,Carter-Finley Stadium,L,;
9,0,335,1,10/1/1932,Richmond,VA - Richmond,City Stadium,W,:
9,0,655,2,9/26/1964,Clemson,NC - Raleigh,Riddick Field,W,;
9,14,239,1,10/19/1922,North Carolina,NC - Raleigh,Riddick Field,L,:
9,14,1097,2,11/16/2002,Virginia,VA - Charlottesville,Scott Stadium,L,;
9,17,1076,1,9/29/2001,North Carolina,NC - Raleigh,Carter-Finley Stadium,L,;
9,20,940,1,11/4/1989,Virginia,NC - Raleigh,Carter-Finley Stadium,L,;
9,23,1146,1,11/18/2006,North Carolina,NC - Chapel Hill,Kenan Memorial Stadium,L,;
9,24,1351,1,10/15/2022,Syracuse,NY - Syracuse,JMA Wireless Dome,L,;
9,27,1162,1,9/13/2008,Clemson,SC - Clemson,Memorial Stadium (Clemson),L,;
9,34,845,1,9/26/1981,Maryland,NC - Raleigh,Carter-Finley Stadium,L,;
9,41,858,1,10/16/1982,North Carolina,NC - Chapel Hill,Kenan Memorial Stadium,L,;
10,0,56,1,10/10/1901,Oak Ridge Institute,NC - Oak Ridge,Playing Fields (Oak Ridge),W,:
10,0,98,2,11/30/1905,Davidson,NC - Winston-Salem,Fairview Park,W,:
10,0,275,3,9/24/1926,Elon,NC - Raleigh,Riddick Field,W,:
10,0,1051,4,9/4/1999,South Carolina,NC - Raleigh,Carter-Finley Stadium,W,;
10,3,706,1,9/20/1969,North Carolina,NC - Raleigh,Carter-Finley Stadium,W,:
10,3,926,2,10/22/1988,Clemson,NC - Raleigh,Carter-Finley Stadium,W,:
10,3,1266,3,10/8/2016,Notre Dame,NC - Raleigh,Carter-Finley Stadium,W,;
10,4,117,1,11/28/1907,Virginia,VA - Norfolk,Lafayette Field,W,;
10,6,195,1,11/3/1917,Maryland,"Washington, DC","Central High School Stadium (Washington, DC)",W,:
10,6,695,2,9/14/1968,Wake Forest,NC - Winston-Salem,Allegacy Federal Credit Union Stadium,W,:
10,6,932,3,9/2/1989,Maryland,NC - Raleigh,Carter-Finley Stadium,W,;
10,7,1212,1,9/8/2012,Connecticut,CT - East Hartford,Rentschler Field,W,;
10,10,261,1,10/31/1924,Davidson,NC - Pinehurst,Sandhill Fair Grounds,T,:
10,10,639,2,11/3/1962,Georgia,GA - Athens,Sanford Stadium,T,;
10,13,784,1,12/31/1975,West Virginia,GA - Atlanta,Atlanta-Fulton County Stadium,L,:
10,13,1372,2,9/29/2023,Louisville,NC - Raleigh,Carter-Finley Stadium,L,;
10,14,733,1,10/30/1971,Virginia,NC - Raleigh,Carter-Finley Stadium,L,:
10,14,1207,2,11/12/2011,Boston College,MA - Chestnut Hill,Alumni Stadium (Boston College),L,;
10,17,678,1,10/15/1966,Florida,NC - Raleigh,Carter-Finley Stadium,L,:
10,17,943,2,12/31/1989,Arizona,AZ - Tucson,Arizona Stadium,L,:
10,17,1122,3,11/11/2004,Florida State,NC - Raleigh,Carter-Finley Stadium,L,;
10,19,177,1,10/21/1915,South Carolina,NC - Raleigh,Riddick Field,L,:
10,19,816,2,11/11/1978,Penn State,PA - State College,Beaver Stadium,L,;
10,20,344,1,9/30/1933,Georgia,GA - Athens,Sanford Stadium,L,:
10,20,768,2,10/26/1974,Maryland,MD - College Park,SECU Stadium,L,:
10,20,868,3,10/8/1983,Georgia Tech,NC - Raleigh,Carter-Finley Stadium,L,;
10,21,847,1,10/17/1981,North Carolina,NC - Raleigh,Carter-Finley Stadium,L,;
10,24,891,1,10/12/1985,Pittsburgh,PA - Pittsburgh,Pitt Stadium,L,:
10,24,1229,2,10/12/2013,Syracuse,NC - Raleigh,Carter-Finley Stadium,L,:
10,24,1333,3,9/11/2021,Mississippi State,MS - Starkville,Davis Wade Stadium,L,;
10,25,1355,1,11/19/2022,Louisville,KY - Louisville,L&N Federal Credit Union Stadium,L,;
10,26,415,1,10/26/1940,Mississippi State,NC - Raleigh,Riddick Field,L,;
10,27,980,1,12/31/1992,Florida,FL - Jacksonville,Gator Bowl Stadium,L,:
10,27,1153,2,10/6/2007,Florida State,FL - Tallahassee,Doak Campbell Stadium,L,;
10,28,674,1,9/17/1966,Michigan State,MI - East Lansing,Spartan Stadium,L,;
10,29,1152,1,9/29/2007,Louisville,NC - Raleigh,Carter-Finley Stadium,L,;
10,30,834,1,10/4/1980,South Carolina,NC - Raleigh,Carter-Finley Stadium,L,:
10,30,938,2,10/21/1989,Clemson,SC - Clemson,Memorial Stadium (Clemson),L,:
10,30,1132,3,11/12/2005,Boston College,MA - Chestnut Hill,Alumni Stadium (Boston College),L,;
10,31,647,1,10/19/1963,North Carolina,NC - Chapel Hill,Kenan Memorial Stadium,L,:
10,31,1128,2,10/13/2005,Clemson,NC - Raleigh,Carter-Finley Stadium,L,;
10,33,814,1,10/28/1978,Clemson,NC - Raleigh,Carter-Finley Stadium,L,;
10,38,1183,1,11/21/2009,Virginia Tech,VA - Blacksburg,Lane Stadium,L,;
10,39,893,1,10/26/1985,Clemson,SC - Clemson,Memorial Stadium (Clemson),L,;
10,41,1164,1,9/27/2008,South Florida,NC - Raleigh,Carter-Finley Stadium,L,:
10,41,1313,2,11/30/2019,North Carolina,NC - Raleigh,Carter-Finley Stadium,L,;
10,42,964,1,11/9/1991,Virginia,NC - Raleigh,Carter-Finley Stadium,L,;
10,44,1309,1,11/2/2019,Wake Forest,NC - Winston-Salem,Allegacy Federal Credit Union Stadium,L,;
10,51,1382,1,9/7/2024,Tennessee,NC - Charlotte,Bank of America Stadium,L,;
10,55,1310,1,11/9/2019,Clemson,NC - Raleigh,Carter-Finley Stadium,L,;
11,0,114,1,10/28/1907,Richmond,NC - Raleigh,Riddick Field,W,;
11,11,37,1,10/28/1899,North Carolina,NC - Raleigh,Fair Grounds (Raleigh),T,;
11,27,1010,1,10/7/1995,Alabama,AL - Tuscaloosa,Bryant-Denny Stadium,L,;
11,42,1053,1,9/18/1999,Florida State,FL - Tallahassee,Doak Campbell Stadium,L,;
12,0,128,1,10/9/1909,Maryland Athletic Club,VA - Norfolk,Lafayette Field,W,:
12,0,154,2,11/2/1912,Wake Forest,NC - Wake Forest,Athletic Field (Wake Forest),W,:
12,0,160,3,10/23/1913,Georgetown,NC - Raleigh,Riddick Field,W,:
12,0,371,4,9/19/1936,Elon,NC - Raleigh,Riddick Field,W,:
12,0,591,5,11/16/1957,Virginia Tech,VA - Roanoke,Victory Stadium,W,;
12,6,1,1,3/12/1892,Raleigh Male Academy,NC - Raleigh,Athletic Park (Raleigh),W,:
12,6,6,2,11/7/1893,Tennessee,NC - Raleigh,Athletic Park (Raleigh),W,:
12,6,9,3,12/1/1893,Oak Ridge Institute,NC - Winston-Salem,South Side Park,W,:
12,6,251,4,11/3/1923,Davidson,NC - Charlotte,Wearn Field,W,:
12,6,289,5,10/22/1927,Florida,FL - Tampa,Plant Field,W,;
12,7,386,1,10/30/1937,Boston College,MA - Boston,Alumni Field (Boston),W,:
12,7,408,2,11/18/1939,Furman,SC - Greenville,Sirrine Stadium,W,:
12,7,453,3,10/14/1944,Catawba,NC - Raleigh,Riddick Field,W,:
12,7,770,4,11/9/1974,Penn State,NC - Raleigh,Carter-Finley Stadium,W,;
12,9,948,1,9/29/1990,North Carolina,NC - Chapel Hill,Kenan Memorial Stadium,W,;
12,13,212,1,10/23/1919,North Carolina,NC - Raleigh,Riddick Field,L,:
12,13,353,2,10/6/1934,Wake Forest,NC - Raleigh,Riddick Field,L,:
12,13,947,3,9/22/1990,Maryland,MD - College Park,SECU Stadium,L,;
12,14,302,1,11/17/1928,Duke,NC - Raleigh,Riddick Field,L,;
12,16,653,1,12/21/1963,Mississippi State,PA - Philadelphia,Philadelphia Municipal Stadium,L,:
12,16,1357,2,12/30/2022,Maryland,NC - Charlotte,Bank of America Stadium,L,;
12,18,785,1,9/4/1976,Furman,NC - Raleigh,Carter-Finley Stadium,L,;
12,19,311,1,11/16/1929,Duke,NC - Durham,Wallace Wade Stadium,L,;
12,20,255,1,11/29/1923,Washington & Lee,VA - Norfolk,League Park,L,:
12,20,604,2,10/3/1959,North Carolina,NC - Chapel Hill,Kenan Memorial Stadium,L,:
12,20,849,3,10/31/1981,South Carolina,SC - Columbia,Williams-Brice Stadium,L,;
12,21,610,1,11/13/1959,UCLA,CA - Los Angeles,Los Angeles Memorial Coliseum,L,;
12,22,33,1,11/19/1898,William Bingham School,NC - Chapel Hill,"""Old"" Campus Athletic Field (Chapel Hill)",L,;
12,26,253,1,11/17/1923,Maryland,NC - Raleigh,Riddick Field,L,;
12,30,1243,1,10/18/2014,Louisville,KY - Louisville,L&N Federal Credit Union Stadium,L,;
12,31,752,1,9/29/1973,Georgia,GA - Athens,Sanford Stadium,L,;
13,0,10,1,12/31/1893,Raleigh Male Academy,UNKNOWN,UNKNOWN,W,:
13,0,238,2,10/14/1922,Roanoke,NC - Raleigh,Riddick Field,W,:
13,0,267,3,10/3/1925,Duke,NC - Durham,Hanes Field,W,:
13,0,336,4,10/8/1932,Clemson,NC - Raleigh,Riddick Field,W,:
13,0,376,5,10/24/1936,Virginia Tech,NC - Raleigh,Riddick Field,W,:
13,0,430,6,11/29/1941,William & Mary,VA - Williamsburg,Zable Stadium,W,:
13,0,432,7,9/26/1942,Richmond,NC - Raleigh,Riddick Field,W,:
13,0,451,8,9/30/1944,Virginia,VA - Norfolk,S.B. Ballard Stadium,W,:
13,0,670,9,10/30/1965,Virginia,VA - Charlottesville,Scott Stadium,W,:
13,0,1206,10,11/5/2011,North Carolina,NC - Raleigh,Carter-Finley Stadium,W,;
13,3,183,1,9/30/1916,Roanoke,NC - Raleigh,Riddick Field,W,:
13,3,221,2,10/21/1920,North Carolina,NC - Raleigh,Riddick Field,W,:
13,3,1118,3,10/16/2004,Maryland,MD - College Park,SECU Stadium,W,;
13,5,148,1,11/18/1911,Wake Forest,NC - Wake Forest,Athletic Field (Wake Forest),W,;
13,6,468,1,9/28/1946,Duke,NC - Raleigh,Riddick Field,W,;
13,7,158,1,10/11/1913,Virginia Medical College,NC - Raleigh,Riddick Field,W,:
13,7,384,2,10/16/1937,Virginia Tech,NC - Raleigh,Riddick Field,W,:
13,7,426,3,11/1/1941,North Carolina,NC - Chapel Hill,Kenan Memorial Stadium,W,:
13,7,536,4,10/25/1952,Florida State,NC - Raleigh,Riddick Field,W,:
13,7,585,5,10/5/1957,Clemson,SC - Clemson,Memorial Stadium (Clemson),W,:
13,7,650,6,11/9/1963,Virginia Tech,NC - Raleigh,Riddick Field,W,:
13,7,684,7,9/16/1967,North Carolina,NC - Raleigh,Carter-Finley Stadium,W,:
13,7,734,8,11/5/1971,Miami (FL),FL - Miami,Miami Orange Bowl,W,;
13,10,616,1,10/8/1960,Maryland,NC - Raleigh,Riddick Field,W,;
13,11,665,1,9/25/1965,Wake Forest,NC - Raleigh,Riddick Field,W,;
13,13,566,1,10/15/1955,Wake Forest,NC - Raleigh,Riddick Field,T,:
13,13,975,2,10/17/1992,Virginia Tech,VA - Blacksburg,Lane Stadium,T,;
13,14,427,1,11/8/1941,Virginia Tech,NC - Winston-Salem,Bowman-Gray Stadium,L,:
13,14,501,2,10/15/1949,Duke,NC - Durham,Wallace Wade Stadium,L,:
13,14,1193,3,11/6/2010,Clemson,SC - Clemson,Memorial Stadium (Clemson),L,;
13,16,724,1,11/14/1970,Wake Forest,NC - Winston-Salem,Allegacy Federal Credit Union Stadium,L,:
13,16,885,2,11/17/1984,Duke,NC - Raleigh,Carter-Finley Stadium,L,:
13,16,973,3,10/3/1992,Georgia Tech,GA - Atlanta,Bobby Dodd Stadium,L,;
13,17,617,1,10/15/1960,Duke,NC - Durham,Wallace Wade Stadium,L,;
13,20,598,1,10/25/1958,Duke,NC - Durham,Wallace Wade Stadium,L,:
13,20,1253,2,10/3/2015,Louisville,NC - Raleigh,Carter-Finley Stadium,L,;
13,21,839,1,11/8/1980,Penn State,PA - State College,Beaver Stadium,L,:
13,21,945,2,9/8/1990,Georgia Tech,GA - Atlanta,Bobby Dodd Stadium,L,;
13,23,552,1,11/28/1953,Florida State,FL - Tallahassee,Doak Campbell Stadium,L,:
13,23,708,2,10/3/1969,Miami (FL),FL - Miami,Miami Orange Bowl,L,:
13,23,1044,3,10/24/1998,Virginia,VA - Charlottesville,Scott Stadium,L,;
13,26,466,1,11/10/1945,Duke,NC - Durham,Wallace Wade Stadium,L,;
13,27,446,1,10/30/1943,North Carolina,NC - Chapel Hill,Kenan Memorial Stadium,L,:
13,27,663,2,11/20/1964,Wake Forest,NC - Winston-Salem,Bowman-Gray Stadium,L,:
13,27,1272,3,11/19/2016,Miami (FL),NC - Raleigh,Carter-Finley Stadium,L,;
13,28,1228,1,10/5/2013,Wake Forest,NC - Winston-Salem,Allegacy Federal Credit Union Stadium,L,:
13,28,1254,2,10/9/2015,Virginia Tech,VA - Blacksburg,Lane Stadium,L,;
13,30,1012,1,11/4/1995,Maryland,NC - Raleigh,Carter-Finley Stadium,L,;
13,31,1306,1,9/28/2019,Florida State,FL - Tallahassee,Doak Campbell Stadium,L,;
13,34,478,1,1/1/1947,Oklahoma,FL - Jacksonville,Gator Bowl Stadium,L,:
13,34,493,2,10/30/1948,Wake Forest,NC - Wake Forest,"""Old"" Groves Field",L,:
13,34,712,3,11/15/1969,Houston,NC - Raleigh,Carter-Finley Stadium,L,:
13,34,971,4,9/19/1992,Florida State,NC - Raleigh,Carter-Finley Stadium,L,;
13,41,731,1,10/16/1971,Duke,NC - Durham,Wallace Wade Stadium,L,;
13,48,181,1,11/25/1915,Washington & Lee,VA - Norfolk,League Park,L,;
13,52,1301,1,12/31/2018,Texas A&M,FL - Jacksonville,TIAA Bank Field,L,;
13,54,1268,1,10/22/2016,Louisville,KY - Louisville,L&N Federal Credit Union Stadium,L,;
14,0,234,1,11/19/1921,Wake Forest,NC - Raleigh,Riddick Field,W,:
14,0,256,2,9/27/1924,Duke,NC - Raleigh,Riddick Field,W,:
14,0,320,3,10/25/1930,Mississippi State,NC - Raleigh,Riddick Field,W,:
14,0,332,4,11/14/1931,Duke,NC - Durham,Wallace Wade Stadium,W,:
14,0,362,5,10/5/1935,South Carolina,SC - Columbia,Williams-Brice Stadium,W,:
14,0,480,6,10/4/1947,Davidson,NC - Charlotte,American Legion Memorial Stadium,W,:
14,0,644,7,9/28/1963,Southern Mississippi,MS - Hattiesburg,M. M. Roberts Stadium,W,:
14,0,797,8,9/10/1977,Virginia,NC - Raleigh,Carter-Finley Stadium,W,:
14,0,1135,9,12/31/2005,South Florida,NC - Charlotte,Bank of America Stadium,W,;
14,3,930,1,11/19/1988,Pittsburgh,NC - Raleigh,Carter-Finley Stadium,W,;
14,6,224,1,11/11/1920,Virginia Tech,VA - Norfolk,League Park,W,:
14,6,400,2,12/3/1938,Citadel,NC - Wilmington,American Legion Stadium,W,:
14,6,471,3,10/19/1946,Wake Forest,NC - Wake Forest,"""Old"" Groves Field",W,:
14,6,561,4,11/13/1954,Richmond,NC - Raleigh,Riddick Field,W,:
14,6,921,5,9/17/1988,Wake Forest,NC - Raleigh,Carter-Finley Stadium,W,:
14,6,923,6,10/1/1988,Georgia Tech,GA - Atlanta,Bobby Dodd Stadium,W,;
14,7,218,1,10/2/1920,Navy,MD - Annapolis,Farragut Field,W,:
14,7,301,2,11/10/1928,Davidson,NC - Greensboro,World War Memorial Stadium,W,:
14,7,361,3,9/28/1935,Davidson,NC - Greensboro,World War Memorial Stadium,W,:
14,7,420,4,9/20/1941,Richmond,NC - Raleigh,Riddick Field,W,:
14,7,469,5,10/5/1946,Clemson,SC - Clemson,Memorial Stadium (Clemson),W,:
14,7,580,6,11/10/1956,South Carolina,NC - Raleigh,Riddick Field,W,:
14,7,694,7,12/16/1967,Georgia,TN - Memphis,Memphis Memorial Stadium,W,;
14,10,970,1,9/12/1992,Maryland,MD - College Park,SECU Stadium,W,;
14,12,178,1,10/30/1915,Navy,MD - Annapolis,Worden Field,W,:
14,12,620,2,11/5/1960,Wake Forest,NC - Winston-Salem,Bowman-Gray Stadium,W,;
14,13,503,1,10/29/1949,Virginia Tech,VA - Norfolk,S.B. Ballard Stadium,W,:
14,13,654,2,9/19/1964,North Carolina,NC - Chapel Hill,Kenan Memorial Stadium,W,:
14,13,656,3,10/3/1964,Maryland,NC - Raleigh,Riddick Field,W,;
14,14,588,1,10/26/1957,Duke,NC - Raleigh,Riddick Field,T,:
14,14,599,2,11/1/1958,Virginia Tech,NC - Raleigh,Riddick Field,T,:
14,14,898,3,9/13/1986,Pittsburgh,NC - Raleigh,Carter-Finley Stadium,T,;
14,15,623,1,9/23/1961,Wyoming,WY - Laramie,War Memorial Stadium (Wyoming),L,;
14,16,170,1,10/31/1914,Navy,MD - Annapolis,Worden Field,L,;
14,17,606,1,10/17/1959,Wake Forest,NC - Raleigh,Riddick Field,L,:
14,17,914,2,10/17/1987,North Carolina,NC - Raleigh,Carter-Finley Stadium,L,;
14,19,609,1,11/7/1959,Southern Mississippi,AL - Mobile,Ladd-Peebles Stadium,L,:
14,19,636,2,10/13/1962,Nebraska,NE - Lincoln,Memorial Stadium (Nebraska),L,:
14,19,928,3,11/5/1988,Virginia,VA - Charlottesville,Scott Stadium,L,;
14,20,283,1,11/20/1926,South Carolina,SC - Columbia,Melton Field,L,:
14,20,417,2,11/9/1940,Wake Forest,NC - Raleigh,Riddick Field,L,:
14,20,500,3,10/8/1949,Davidson,NC - Charlotte,American Legion Memorial Stadium,L,:
14,20,984,4,10/2/1993,Clemson,SC - Clemson,Memorial Stadium (Clemson),L,:
14,20,1145,5,11/11/2006,Clemson,SC - Clemson,Memorial Stadium (Clemson),L,;
14,21,462,1,10/13/1945,Virginia Military Institute,NC - Raleigh,Riddick Field,L,:
14,21,494,2,11/6/1948,Virginia,NC - Raleigh,Riddick Field,L,:
14,21,638,3,10/27/1962,Duke,NC - Durham,Wallace Wade Stadium,L,:
14,21,892,4,10/19/1985,North Carolina,NC - Raleigh,Carter-Finley Stadium,L,:
14,21,1269,5,10/29/2016,Boston College,NC - Raleigh,Carter-Finley Stadium,L,;
14,22,1114,1,9/18/2004,Ohio State,NC - Raleigh,Carter-Finley Stadium,L,;
14,23,787,1,9/18/1976,East Carolina,NC - Raleigh,Carter-Finley Stadium,L,;
14,24,1121,1,11/6/2004,Georgia Tech,NC - Raleigh,Carter-Finley Stadium,L,;
14,25,582,1,11/22/1956,Maryland,NC - Raleigh,Riddick Field,L,;
14,26,600,1,11/8/1958,Southern Mississippi,AL - Mobile,Ladd-Peebles Stadium,L,:
14,26,866,2,9/24/1983,Virginia,NC - Raleigh,Carter-Finley Stadium,L,:
14,26,1226,3,9/19/2013,Clemson,NC - Raleigh,Carter-Finley Stadium,L,;
14,27,802,1,10/15/1977,North Carolina,NC - Raleigh,Carter-Finley Stadium,L,;
14,28,697,1,9/28/1968,Oklahoma,OK - Norman,Oklahoma Memorial Stadium,L,:
14,28,795,2,11/13/1976,Duke,NC - Raleigh,Carter-Finley Stadium,L,;
14,29,917,1,11/7/1987,East Tennessee State,NC - Raleigh,Carter-Finley Stadium,L,;
14,30,1242,1,10/11/2014,Boston College,NC - Raleigh,Carter-Finley Stadium,L,;
14,31,751,1,9/22/1973,Nebraska,NE - Lincoln,Memorial Stadium (Nebraska),L,;
14,32,909,1,9/5/1987,East Carolina,NC - Raleigh,Carter-Finley Stadium,L,;
14,33,767,1,10/19/1974,North Carolina,NC - Chapel Hill,Kenan Memorial Stadium,L,:
14,33,886,2,9/7/1985,East Carolina,NC - Raleigh,Carter-Finley Stadium,L,;
14,35,698,1,10/5/1968,Southern Methodist,TX - Dallas,Cotton Bowl,L,:
14,35,983,2,9/25/1993,North Carolina,NC - Raleigh,Carter-Finley Stadium,L,:
14,35,997,3,10/8/1994,Louisville,KY - Louisville,"""Old"" Cardinal Stadium",L,:
14,35,1282,4,10/28/2017,Notre Dame,IN - South Bend,Notre Dame Stadium,L,;
14,42,560,1,11/6/1954,Maryland,MD - College Park,SECU Stadium,L,:
14,42,869,2,10/15/1983,North Carolina,NC - Raleigh,Carter-Finley Stadium,L,;
14,44,1201,1,9/22/2011,Cincinnati,OH - Cincinnati,Nippert Stadium,L,;
14,58,1068,1,10/28/2000,Florida State,NC - Raleigh,Carter-Finley Stadium,L,;
14,62,1021,1,10/19/1996,Virginia,VA - Charlottesville,Scott Stadium,L,;
15,0,241,1,11/4/1922,Davidson,NC - Raleigh,Riddick Field,W,;
15,3,147,1,11/11/1911,Washington & Lee,NC - Raleigh,Riddick Field,W,;
15,6,129,1,10/21/1909,Kentucky,NC - Raleigh,Riddick Field,W,;
15,7,515,1,11/11/1950,Davidson,NC - Raleigh,Riddick Field,W,;
15,9,649,1,11/2/1963,Virginia,VA - Norfolk,S.B. Ballard Stadium,W,;
15,12,676,1,10/1/1966,Wake Forest,NC - Winston-Salem,Bowman-Gray Stadium,W,;
15,13,603,1,9/19/1959,Virginia Tech,VA - Norfolk,S.B. Ballard Stadium,W,;
15,14,782,1,11/8/1975,Penn State,PA - State College,Beaver Stadium,W,:
15,14,961,2,10/19/1991,Marshall,NC - Raleigh,Carter-Finley Stadium,W,:
15,14,1328,3,11/21/2020,Liberty,NC - Raleigh,Carter-Finley Stadium,W,;
15,17,607,1,10/24/1959,Duke,NC - Raleigh,Riddick Field,L,;
15,18,330,1,10/31/1931,North Carolina,NC - Raleigh,Riddick Field,L,;
15,22,850,1,11/7/1981,Penn State,NC - Raleigh,Carter-Finley Stadium,L,;
15,24,877,1,9/22/1984,Wake Forest,NC - Raleigh,Carter-Finley Stadium,L,;
15,31,732,1,10/23/1971,East Carolina,NC - Raleigh,Carter-Finley Stadium,L,;
15,37,776,1,9/27/1975,Michigan State,MI - East Lansing,Spartan Stadium,L,;
16,0,145,1,10/28/1911,Tennessee,NC - Raleigh,Riddick Field,W,:
16,0,411,2,9/20/1940,William & Mary,VA - Norfolk,S.B. Ballard Stadium,W,:
16,0,954,3,11/10/1990,Duke,NC - Raleigh,Carter-Finley Stadium,W,;
16,6,687,1,10/7/1967,Houston,TX - Houston,Astrodome,W,;
16,10,1307,1,10/10/2019,Syracuse,NC - Raleigh,Carter-Finley Stadium,W,;
16,13,512,1,10/21/1950,Maryland,MD - College Park,SECU Stadium,W,:
16,13,827,2,10/27/1979,Clemson,SC - Clemson,Memorial Stadium (Clemson),W,:
16,13,857,3,10/2/1982,Virginia,VA - Charlottesville,Scott Stadium,W,;
16,20,905,1,11/8/1986,Virginia,VA - Charlottesville,Scott Stadium,L,:
16,20,953,2,11/3/1990,Virginia Tech,VA - Blacksburg,Lane Stadium,L,:
16,20,1124,3,9/4/2005,Virginia Tech,NC - Raleigh,Carter-Finley Stadium,L,;
16,21,709,1,10/11/1969,South Carolina,SC - Columbia,Williams-Brice Stadium,L,:
16,21,1147,2,11/25/2006,East Carolina,NC - Raleigh,Carter-Finley Stadium,L,;
16,22,864,1,9/10/1983,East Carolina,NC - Raleigh,Carter-Finley Stadium,L,;
16,28,1016,1,9/7/1996,Georgia Tech,NC - Raleigh,Carter-Finley Stadium,L,;
17,0,102,1,10/13/1906,Virginia Military Institute,VA - Lexington,VMI Parade Ground,W,:
17,0,196,2,11/10/1917,Virginia Military Institute,VA - Richmond,Boulevard Field,W,:
17,0,741,3,10/7/1972,Duke,NC - Raleigh,Carter-Finley Stadium,W,:
17,0,913,4,10/3/1987,Georgia Tech,NC - Raleigh,Carter-Finley Stadium,W,;
17,5,46,1,10/11/1900,Oak Ridge Institute,NC - Oak Ridge,Playing Fields (Oak Ridge),W,;
17,6,193,1,10/18/1917,Wake Forest,NC - Raleigh,Riddick Field,W,:
17,6,338,2,10/22/1932,Florida,FL - Tampa,Plant Field,W,;
17,7,1098,1,11/23/2002,Florida State,NC - Raleigh,Carter-Finley Stadium,W,;
17,14,660,1,10/31/1964,South Carolina,NC - Raleigh,Riddick Field,W,:
17,14,823,2,9/29/1979,Wake Forest,NC - Raleigh,Carter-Finley Stadium,W,:
17,14,835,3,10/11/1980,Appalachian State,NC - Raleigh,Carter-Finley Stadium,W,:
17,14,1077,4,10/6/2001,Wake Forest,NC - Winston-Salem,Allegacy Federal Credit Union Stadium,W,:
17,14,1127,5,10/6/2005,Georgia Tech,GA - Atlanta,Bobby Dodd Stadium,W,:
17,14,1284,6,11/11/2017,Boston College,MA - Chestnut Hill,Alumni Stadium (Boston College),W,;
17,15,703,1,11/9/1968,Duke,NC - Durham,Wallace Wade Stadium,W,:
17,15,801,2,10/8/1977,Auburn,AL - Auburn,Jordan-Hare Stadium,W,:
17,15,1107,3,10/16/2003,Clemson,NC - Raleigh,Carter-Finley Stadium,W,:
17,15,1139,4,9/23/2006,Boston College,NC - Raleigh,Carter-Finley Stadium,W,;
17,16,1115,1,9/25/2004,Virginia Tech,VA - Blacksburg,Lane Stadium,W,:
17,16,1216,2,10/6/2012,Florida State,NC - Raleigh,Carter-Finley Stadium,W,;
17,19,1029,1,9/13/1997,Clemson,NC - Raleigh,Carter-Finley Stadium,L,;
17,20,1137,1,9/9/2006,Akron,NC - Raleigh,Carter-Finley Stadium,L,;
17,21,805,1,11/5/1977,Penn State,NC - Raleigh,Carter-Finley Stadium,L,;
17,24,951,1,10/20/1990,Clemson,NC - Raleigh,Carter-Finley Stadium,L,:
17,24,1071,2,11/18/2000,Virginia,VA - Charlottesville,Scott Stadium,L,:
17,24,1095,3,11/2/2002,Georgia Tech,NC - Raleigh,Carter-Finley Stadium,L,:
17,24,1267,4,10/15/2016,Clemson,SC - Clemson,Memorial Stadium (Clemson),L,;
17,26,1166,1,10/16/2008,Florida State,NC - Raleigh,Carter-Finley Stadium,L,;
17,27,870,1,10/22/1983,Clemson,SC - Clemson,Memorial Stadium (Clemson),L,:
17,27,1032,2,10/11/1997,Georgia Tech,GA - Atlanta,Bobby Dodd Stadium,L,:
17,27,1079,3,10/20/2001,Georgia Tech,GA - Atlanta,Bobby Dodd Stadium,L,;
17,31,871,1,10/29/1983,South Carolina,SC - Columbia,Williams-Brice Stadium,L,:
17,31,890,2,10/5/1985,Maryland,NC - Raleigh,Carter-Finley Stadium,L,:
17,31,999,3,10/29/1994,North Carolina,NC - Chapel Hill,Kenan Memorial Stadium,L,;
17,34,1258,1,11/14/2015,Florida State,FL - Tallahassee,Doak Campbell Stadium,L,;
17,37,1138,1,9/16/2006,Southern Mississippi,MS - Hattiesburg,M. M. Roberts Stadium,L,:
17,37,1149,2,9/8/2007,Boston College,MA - Chestnut Hill,Alumni Stadium (Boston College),L,;
17,40,1024,1,11/16/1996,Clemson,SC - Clemson,Memorial Stadium (Clemson),L,;
17,49,1230,1,10/26/2013,Florida State,FL - Tallahassee,Doak Campbell Stadium,L,;
17,51,1017,1,9/19/1996,Florida State,NC - Raleigh,Carter-Finley Stadium,L,;
17,77,1007,1,9/16/1995,Florida State,FL - Tallahassee,Doak Campbell Stadium,L,;
18,0,36,1,10/21/1899,William Bingham School,NC - Raleigh,Fair Grounds (Raleigh),W,:
18,0,91,2,11/24/1904,Clemson,NC - Raleigh,Fair Grounds (Raleigh),W,:
18,0,441,3,9/25/1943,Apprentice School of Newport News,NC - Raleigh,Riddick Field,W,:
18,0,481,4,10/11/1947,Clemson,NC - Raleigh,Riddick Field,W,;
18,6,287,1,10/8/1927,Clemson,NC - Raleigh,Riddick Field,W,:
18,6,646,2,10/12/1963,South Carolina,SC - Columbia,Williams-Brice Stadium,W,;
18,7,174,1,10/2/1915,Norfolk Blues,NC - Raleigh,Riddick Field,W,:
18,7,304,2,11/29/1928,South Carolina,NC - Raleigh,Riddick Field,W,:
18,7,325,3,9/26/1931,Davidson,NC - Greensboro,World War Memorial Stadium,W,;
18,14,401,1,9/23/1939,Davidson,NC - Greensboro,World War Memorial Stadium,W,;
18,19,463,1,10/20/1945,Wake Forest,NC - Raleigh,Riddick Field,L,:
18,19,1031,2,9/25/1997,Wake Forest,NC - Winston-Salem,Allegacy Federal Credit Union Stadium,L,;
18,20,786,1,9/11/1976,Wake Forest,NC - Winston-Salem,Allegacy Federal Credit Union Stadium,L,;
18,25,565,1,10/1/1955,North Carolina,NC - Raleigh,Riddick Field,L,;
18,28,887,1,9/14/1985,Georgia Tech,NC - Raleigh,Carter-Finley Stadium,L,;
18,38,1158,1,11/17/2007,Wake Forest,NC - Winston-Salem,Allegacy Federal Credit Union Stadium,L,;
19,0,30,1,12/31/1897,Davidson,UNKNOWN,UNKNOWN,W,:
19,0,190,2,9/29/1917,Guilford,NC - Raleigh,Riddick Field,W,:
19,0,294,3,12/3/1927,Michigan State,NC - Raleigh,Riddick Field,W,:
19,0,589,4,11/2/1957,Wake Forest,NC - Raleigh,Riddick Field,W,:
19,0,700,5,10/19/1968,Virginia,NC - Raleigh,Carter-Finley Stadium,W,;
19,2,455,1,10/28/1944,William & Mary,VA - Norfolk,S.B. Ballard Stadium,W,;
19,6,290,1,10/29/1927,North Carolina,NC - Raleigh,Riddick Field,W,;
19,7,390,1,9/24/1938,Davidson,NC - Charlotte,American Legion Memorial Stadium,W,:
19,7,393,2,10/15/1938,Wake Forest,NC - Raleigh,Riddick Field,W,;
19,14,525,1,10/27/1951,Virginia Tech,VA - Blacksburg,Miles Field,W,;
19,16,1156,1,11/3/2007,Miami (FL),FL - Miami,Miami Orange Bowl,W,;
19,17,1350,1,10/8/2022,Florida State,NC - Raleigh,Carter-Finley Stadium,W,;
19,23,1083,1,11/17/2001,Maryland,NC - Raleigh,Carter-Finley Stadium,L,;
19,24,702,1,11/2/1968,Clemson,NC - Raleigh,Carter-Finley Stadium,L,:
19,24,1020,2,10/12/1996,Alabama,NC - Raleigh,Carter-Finley Stadium,L,;
19,27,1013,1,11/11/1995,Georgia Tech,GA - Atlanta,Bobby Dodd Stadium,L,:
19,27,1129,2,10/22/2005,Wake Forest,NC - Winston-Salem,Allegacy Federal Credit Union Stadium,L,:
19,27,1231,3,11/2/2013,North Carolina,NC - Raleigh,Carter-Finley Stadium,L,;
19,28,661,1,11/7/1964,Virginia Tech,VA - Blacksburg,Miles Field,L,:
19,28,1380,2,12/28/2023,Kansas State,FL - Orlando,Camping World Stadium,L,;
19,29,962,1,10/26/1991,Clemson,SC - Clemson,Memorial Stadium (Clemson),L,;
19,31,896,1,11/16/1985,Duke,NC - Durham,Wallace Wade Stadium,L,;
19,34,1085,1,12/20/2001,Pittsburgh,FL - Orlando,Camping World Stadium,L,;
20,0,110,1,9/30/1907,Randolph-Macon,NC - Raleigh,Riddick Field,W,:
20,0,266,2,9/25/1925,Richmond,NC - Raleigh,Riddick Field,W,:
20,0,365,3,10/26/1935,Manhattan,NY - Brooklyn,Ebbets Field,W,:
20,0,385,4,10/23/1937,Wake Forest,NC - Wake Forest,Gore Field,W,:
20,0,448,5,11/13/1943,Davidson,NC - Charlotte,American Legion Memorial Stadium,W,:
20,0,485,6,11/15/1947,Wake Forest,NC - Raleigh,Riddick Field,W,:
20,0,577,7,10/20/1956,Dayton,OH - Dayton,Baujan Field,W,;
20,2,236,1,9/30/1922,Randolph-Macon,NC - Raleigh,Riddick Field,W,;
20,6,464,1,10/26/1945,William & Mary,VA - Norfolk,S.B. Ballard Stadium,W,:
20,6,495,2,11/13/1948,Duquesne,PA - Pittsburgh,Forbes Stadium,W,:
20,6,504,3,11/5/1949,Richmond,NC - Raleigh,Riddick Field,W,:
20,6,976,4,10/24/1992,Clemson,NC - Raleigh,Carter-Finley Stadium,W,:
20,6,1376,5,11/4/2023,Miami (FL),NC - Raleigh,Carter-Finley Stadium,W,;
20,7,981,1,9/4/1993,Purdue,NC - Raleigh,Carter-Finley Stadium,W,;
20,10,686,1,9/30/1967,Florida State,FL - Tallahassee,Doak Campbell Stadium,W,:
20,10,939,2,10/28/1989,South Carolina,SC - Columbia,Williams-Brice Stadium,W,;
20,13,618,1,10/22/1960,Southern Mississippi,MS - Hattiesburg,M. M. Roberts Stadium,W,;
20,14,418,1,11/16/1940,Citadel,SC - Charleston,"""Old"" Johnson Hagood Stadium",W,:
20,14,1134,2,11/26/2005,Maryland,NC - Raleigh,Carter-Finley Stadium,W,;
20,15,946,1,9/15/1990,Wake Forest,NC - Raleigh,Carter-Finley Stadium,W,:
20,15,993,2,9/1/1994,Bowling Green,NC - Raleigh,Carter-Finley Stadium,W,:
20,15,1131,3,11/5/2005,Florida State,FL - Tallahassee,Doak Campbell Stadium,W,;
20,17,888,1,9/21/1985,Wake Forest,NC - Winston-Salem,Allegacy Federal Credit Union Stadium,W,:
20,17,966,2,11/23/1991,Maryland,NC - Raleigh,Carter-Finley Stadium,W,;
20,18,292,1,11/11/1927,Duke,NC - Durham,Hanes Field,W,:
20,18,1217,2,10/20/2012,Maryland,MD - College Park,SECU Stadium,W,;
20,21,989,1,11/6/1993,Duke,NC - Durham,Wallace Wade Stadium,L,:
20,21,1354,2,11/12/2022,Boston College,NC - Raleigh,Carter-Finley Stadium,L,;
20,24,1270,1,11/5/2016,Florida State,NC - Raleigh,Carter-Finley Stadium,L,;
20,26,1120,1,10/30/2004,Clemson,SC - Clemson,Memorial Stadium (Clemson),L,:
20,26,1142,2,10/21/2006,Maryland,MD - College Park,SECU Stadium,L,;
20,28,439,1,11/14/1942,Georgetown,"Washington, DC",Griffith Stadium,L,;
20,30,1349,1,10/1/2022,Clemson,SC - Clemson,Memorial Stadium (Clemson),L,;
20,34,1311,1,11/16/2019,Louisville,NC - Raleigh,Carter-Finley Stadium,L,;
20,38,1232,1,11/9/2013,Duke,NC - Durham,Wallace Wade Stadium,L,;
20,41,794,1,11/6/1976,Penn State,PA - State College,Beaver Stadium,L,;
20,42,889,1,9/28/1985,Furman,NC - Raleigh,Carter-Finley Stadium,L,:
20,42,1151,2,9/22/2007,Clemson,NC - Raleigh,Carter-Finley Stadium,L,;
20,52,1022,1,11/2/1996,North Carolina,NC - Chapel Hill,Kenan Memorial Stadium,L,:
20,52,1179,2,10/17/2009,Boston College,MA - Chestnut Hill,Alumni Stadium (Boston College),L,;
21,0,34,1,11/24/1898,Guilford,NC - Raleigh,Fair Grounds (Raleigh),W,:
21,0,53,2,11/23/1900,Oak Ridge Institute,NC - Raleigh,Fair Grounds (Raleigh),W,:
21,0,123,3,11/7/1908,Davidson,NC - Charlotte,Latta Park,W,:
21,0,150,4,10/5/1912,USS Franklin,NC - Raleigh,Riddick Field,W,:
21,0,213,5,11/1/1919,Virginia Military Institute,VA - Roanoke,Fair Grounds (Roanoke),W,:
21,0,227,6,9/24/1921,Randolph-Macon,NC - Raleigh,Riddick Field,W,:
21,0,483,7,11/1/1947,Chattanooga,NC - Raleigh,Riddick Field,W,:
21,0,671,8,11/6/1965,Duke,NC - Raleigh,Riddick Field,W,;
21,3,758,1,11/17/1973,Duke,NC - Durham,Wallace Wade Stadium,W,;
21,6,55,1,10/9/1901,Guilford,NC - Greensboro,Central Carolina Fair Grounds,W,:
21,6,363,2,10/12/1935,Wake Forest,NC - Raleigh,Riddick Field,W,:
21,6,456,3,11/4/1944,Virginia Military Institute,VA - Lexington,Alumni Field (Lexington),W,;
21,7,167,1,10/10/1914,Norfolk Blues,NC - Raleigh,Riddick Field,W,:
21,7,216,2,11/27/1919,Wake Forest,NC - Raleigh,Riddick Field,W,:
21,7,648,3,10/26/1963,Duke,NC - Raleigh,Riddick Field,W,;
21,13,791,1,10/16/1976,North Carolina,NC - Chapel Hill,Kenan Memorial Stadium,W,:
21,13,996,2,10/1/1994,Georgia Tech,NC - Raleigh,Carter-Finley Stadium,W,;
21,14,437,1,10/31/1942,North Carolina,NC - Raleigh,Riddick Field,W,:
21,14,593,2,9/20/1958,North Carolina,NC - Chapel Hill,Kenan Memorial Stadium,W,:
21,14,625,3,10/7/1961,Virginia,VA - Charlottesville,Scott Stadium,W,:
21,14,730,4,10/9/1971,Wake Forest,NC - Raleigh,Carter-Finley Stadium,W,;
21,16,723,1,11/7/1970,Virginia,NC - Raleigh,Carter-Finley Stadium,W,:
21,16,862,2,11/13/1982,Duke,NC - Raleigh,Carter-Finley Stadium,W,;
21,17,894,1,11/2/1985,South Carolina,SC - Columbia,Williams-Brice Stadium,W,:
21,17,1130,2,10/29/2005,Southern Mississippi,NC - Raleigh,Carter-Finley Stadium,W,:
21,17,1169,3,11/15/2008,Wake Forest,NC - Raleigh,Carter-Finley Stadium,W,;
21,20,779,1,10/18/1975,North Carolina,NC - Raleigh,Carter-Finley Stadium,W,:
21,20,1345,2,9/3/2022,East Carolina,NC - Greenville,Dowdy-Ficklen Stadium,W,;
21,21,783,1,11/15/1975,Duke,NC - Durham,Wallace Wade Stadium,T,;
21,22,705,1,9/13/1969,Wake Forest,NC - Raleigh,Carter-Finley Stadium,L,;
21,23,726,1,9/11/1971,Kent State,NC - Raleigh,Carter-Finley Stadium,L,:
21,23,1331,2,1/2/2021,Kentucky,FL - Jacksonville,TIAA Bank Field,L,;
21,24,1096,1,11/9/2002,Maryland,MD - College Park,SECU Stadium,L,;
21,27,523,1,10/13/1951,Duke,NC - Durham,Wallace Wade Stadium,L,;
21,28,881,1,10/20/1984,North Carolina,NC - Chapel Hill,Kenan Memorial Stadium,L,;
21,29,1105,1,10/4/2003,Georgia Tech,GA - Atlanta,Bobby Dodd Stadium,L,;
21,30,553,1,9/18/1954,Virginia Tech,VA - Blacksburg,Miles Field,L,;
21,31,677,1,10/8/1966,South Carolina,NC - Raleigh,Carter-Finley Stadium,L,;
21,35,826,1,10/20/1979,North Carolina,NC - Raleigh,Carter-Finley Stadium,L,:
21,35,1211,2,8/31/2012,Tennessee,GA - Atlanta,Georgia Dome,L,;
21,38,1233,1,11/16/2013,Boston College,MA - Chestnut Hill,Alumni Stadium (Boston College),L,;
21,41,1235,1,11/30/2013,Maryland,NC - Raleigh,Carter-Finley Stadium,L,;
21,42,1018,1,9/28/1996,Purdue,IN - West Lafayette,Ross-Ade Stadium,L,;
21,44,880,1,10/13/1984,Maryland,MD - College Park,SECU Stadium,L,;
21,45,506,1,11/19/1949,Villanova,PA - Philadelphia,Franklin Field,L,;
21,48,1058,1,10/30/1999,Georgia Tech,GA - Atlanta,Bobby Dodd Stadium,L,:
21,48,1324,2,10/24/2020,North Carolina,NC - Chapel Hill,Kenan Memorial Stadium,L,;
21,59,901,1,10/11/1986,Georgia Tech,GA - Atlanta,Bobby Dodd Stadium,L,;
22,0,18,1,11/29/1894,Wilmington Athletic Club,NC - Wilmington,Hilton Park,W,:
22,0,97,2,11/18/1905,Washington & Lee,NC - Raleigh,Fair Grounds (Raleigh),W,:
22,0,113,3,10/18/1907,Roanoke,NC - Raleigh,Riddick Field,W,:
22,0,137,4,10/29/1910,Eastern College,NC - Raleigh,Riddick Field,W,;
22,13,815,1,11/4/1978,South Carolina,NC - Raleigh,Carter-Finley Stadium,W,;
22,21,766,1,10/12/1974,Virginia,VA - Charlottesville,Scott Stadium,W,:
22,21,1352,2,10/27/2022,Virginia Tech,NC - Raleigh,Carter-Finley Stadium,W,;
22,25,621,1,11/12/1960,Arizona State,AZ - Tempe,Sun Devil Stadium,L,;
22,27,624,1,9/30/1961,North Carolina,NC - Chapel Hill,Kenan Memorial Stadium,L,;
22,28,740,1,9/30/1972,Georgia,GA - Athens,Sanford Stadium,L,;
22,30,774,1,9/13/1975,Wake Forest,NC - Raleigh,Carter-Finley Stadium,L,;
22,33,713,1,11/22/1969,Florida State,FL - Tallahassee,Doak Campbell Stadium,L,;
22,37,746,1,11/11/1972,Penn State,PA - State College,Beaver Stadium,L,:
22,37,778,2,10/11/1975,Maryland,MD - College Park,SECU Stadium,L,;
22,43,1009,1,9/30/1995,Clemson,NC - Raleigh,Carter-Finley Stadium,L,;
23,0,142,1,10/7/1911,USS Franklin,NC - Raleigh,Riddick Field,W,:
23,0,217,2,9/25/1920,Davidson,NC - Raleigh,Riddick Field,W,;
23,6,719,1,10/10/1970,East Carolina,NC - Raleigh,Carter-Finley Stadium,W,;
23,7,1197,1,12/28/2010,West Virginia,FL - Orlando,Camping World Stadium,W,;
23,10,1136,1,9/2/2006,Appalachian State,NC - Raleigh,Carter-Finley Stadium,W,;
23,13,1330,1,12/5/2020,Georgia Tech,NC - Raleigh,Carter-Finley Stadium,W,;
23,14,683,1,11/19/1966,Clemson,NC - Raleigh,Carter-Finley Stadium,W,;
23,20,1050,1,8/28/1999,Texas,TX - Austin,Texas Memorial Stadium,W,;
23,21,1225,1,9/7/2013,Richmond,NC - Raleigh,Carter-Finley Stadium,W,;
23,22,895,1,11/9/1985,Virginia,NC - Raleigh,Carter-Finley Stadium,W,:
23,22,904,2,11/1/1986,South Carolina,NC - Raleigh,Carter-Finley Stadium,W,;
23,25,942,1,11/18/1989,Virginia Tech,NC - Raleigh,Carter-Finley Stadium,L,:
23,25,1141,2,10/14/2006,Wake Forest,NC - Raleigh,Carter-Finley Stadium,L,:
23,25,1148,3,9/1/2007,Central Florida,NC - Raleigh,Carter-Finley Stadium,L,;
23,27,1297,1,11/8/2018,Wake Forest,NC - Raleigh,Carter-Finley Stadium,L,;
23,28,796,1,9/3/1977,East Carolina,NC - Raleigh,Carter-Finley Stadium,L,;
23,29,1172,1,12/29/2008,Rutgers,AL - Birmingham,Legion Field,L,;
23,31,1144,1,11/4/2006,Georgia Tech,NC - Raleigh,Carter-Finley Stadium,L,;
23,43,1182,1,11/14/2009,Clemson,NC - Raleigh,Carter-Finley Stadium,L,;
23,46,1049,1,12/29/1998,Miami (FL),FL - Miami Gardens,Hard Rock Stadium,L,;
23,56,1245,1,11/8/2014,Georgia Tech,NC - Raleigh,Carter-Finley Stadium,L,;
24,0,119,1,10/12/1908,William & Mary,NC - Raleigh,Riddick Field,W,:
24,0,1080,2,10/27/2001,Virginia,NC - Raleigh,Carter-Finley Stadium,W,;
24,3,1133,1,11/19/2005,Middle Tennessee,NC - Raleigh,Carter-Finley Stadium,W,;
24,6,685,1,9/23/1967,Buffalo,NC - Raleigh,Carter-Finley Stadium,W,;
24,7,689,1,10/21/1967,Wake Forest,NC - Raleigh,Carter-Finley Stadium,W,:
24,7,707,2,9/27/1969,Maryland,MD - College Park,SECU Stadium,W,:
24,7,959,3,9/28/1991,North Carolina,NC - Raleigh,Carter-Finley Stadium,W,:
24,7,1039,4,9/12/1998,Florida State,NC - Raleigh,Carter-Finley Stadium,W,;
24,8,8,1,11/30/1893,Oak Ridge Institute,NC - Greensboro,Athletic Park (Greensboro),W,:
24,8,1257,2,11/7/2015,Boston College,MA - Chestnut Hill,Alumni Stadium (Boston College),W,;
24,10,817,1,11/18/1978,Duke,NC - Raleigh,Carter-Finley Stadium,W,;
24,12,641,1,11/17/1962,Virginia,NC - Raleigh,Riddick Field,W,;
24,13,1288,1,9/1/2018,James Madison,NC - Raleigh,Carter-Finley Stadium,W,;
24,14,807,1,12/31/1977,Iowa State,GA - Atlanta,Atlanta-Fulton County Stadium,W,:
24,14,968,2,8/29/1992,Iowa,NJ - East Rutherford,Giants Stadium,W,:
24,14,1358,3,8/31/2023,Connecticut,CT - East Hartford,Rentschler Field,W,;
24,15,659,1,10/24/1964,Virginia,VA - Charlottesville,Scott Stadium,W,;
24,17,986,1,10/16/1993,Marshall,NC - Raleigh,Carter-Finley Stadium,W,:
24,17,1244,2,11/1/2014,Syracuse,NY - Syracuse,JMA Wireless Dome,W,:
24,17,1375,3,10/28/2023,Clemson,NC - Raleigh,Carter-Finley Stadium,W,:
24,17,1385,4,9/28/2024,Northern Illinois,NC - Raleigh,Carter-Finley Stadium,W,;
24,20,765,1,10/5/1974,East Carolina,NC - Raleigh,Carter-Finley Stadium,W,:
24,20,800,2,10/1/1977,Maryland,NC - Raleigh,Carter-Finley Stadium,W,:
24,20,837,3,10/25/1980,Clemson,NC - Raleigh,Carter-Finley Stadium,W,:
24,20,1140,4,10/5/2006,Florida State,NC - Raleigh,Carter-Finley Stadium,W,;
24,21,681,1,11/5/1966,Maryland,NC - Raleigh,Carter-Finley Stadium,W,:
24,21,789,2,10/2/1976,Indiana,IN - Bloomington,Memorial Stadium (Indiana),W,:
24,21,818,3,11/25/1978,Virginia,VA - Charlottesville,Scott Stadium,W,:
24,21,1371,4,9/22/2023,Virginia,VA - Charlottesville,Scott Stadium,W,;
24,22,754,1,10/13/1973,Maryland,NC - Raleigh,Carter-Finley Stadium,W,:
24,22,1093,2,10/19/2002,Duke,NC - Raleigh,Carter-Finley Stadium,W,;
24,23,1001,1,11/12/1994,Duke,NC - Raleigh,Carter-Finley Stadium,W,:
24,23,1236,2,8/30/2014,Georgia Southern,NC - Raleigh,Carter-Finley Stadium,W,;
24,24,737,1,9/9/1972,Maryland,NC - Raleigh,Carter-Finley Stadium,T,;
24,25,908,1,12/31/1986,Virginia Tech,GA - Atlanta,Atlanta-Fulton County Stadium,L,;
24,26,1111,1,11/22/2003,Maryland,NC - Raleigh,Carter-Finley Stadium,L,;
24,27,1167,1,10/25/2008,Maryland,MD - College Park,SECU Stadium,L,;
24,29,1006,1,9/9/1995,Virginia,NC - Raleigh,Carter-Finley Stadium,L,;
24,30,1117,1,10/9/2004,North Carolina,NC - Chapel Hill,Kenan Memorial Stadium,L,:
24,30,1177,2,10/3/2009,Wake Forest,NC - Winston-Salem,Allegacy Federal Credit Union Stadium,L,:
24,30,1285,3,11/18/2017,Wake Forest,NC - Winston-Salem,Allegacy Federal Credit Union Stadium,L,;
24,31,1126,1,9/24/2005,North Carolina,NC - Raleigh,Carter-Finley Stadium,L,;
24,38,1101,1,9/6/2003,Wake Forest,NC - Winston-Salem,Allegacy Federal Credit Union Stadium,L,:
24,38,1223,2,12/31/2012,Vanderbilt,TN - Nashville,Nissan Stadium,L,;
24,45,1308,1,10/19/2019,Boston College,MA - Chestnut Hill,Alumni Stadium (Boston College),L,:
24,45,1319,2,9/26/2020,Virginia Tech,VA - Blacksburg,Lane Stadium,L,:
24,45,1359,3,9/9/2023,Notre Dame,NC - Raleigh,Carter-Finley Stadium,L,;
24,47,1042,1,10/10/1998,Georgia Tech,NC - Raleigh,Carter-Finley Stadium,L,;
25,0,118,1,10/3/1908,Wake Forest,NC - Wake Forest,Athletic Field (Wake Forest),W,:
25,0,470,2,10/12/1946,Davidson,NC - Raleigh,Riddick Field,W,;
25,6,291,1,11/5/1927,Davidson,NC - Greensboro,World War Memorial Stadium,W,;
25,14,539,1,11/8/1952,Washington & Lee,VA - Lexington,Wilson Field,W,;
25,25,711,1,10/25/1969,Duke,NC - Raleigh,Carter-Finley Stadium,T,;
26,0,24,1,11/28/1895,Guilford,NC - Greensboro,Athletic Park (Greensboro),W,:
26,0,556,2,10/9/1954,William & Mary,VA - Norfolk,S.B. Ballard Stadium,W,:
26,0,853,3,9/4/1982,Furman,NC - Raleigh,Carter-Finley Stadium,W,;
26,3,773,1,9/6/1975,East Carolina,NC - Raleigh,Carter-Finley Stadium,W,;
26,6,159,1,10/18/1913,Davidson,NC - Raleigh,Riddick Field,W,:
26,6,573,2,9/22/1956,North Carolina,NC - Chapel Hill,Kenan Memorial Stadium,W,:
26,6,1377,3,11/11/2023,Wake Forest,NC - Winston-Salem,Allegacy Federal Credit Union Stadium,W,;
26,7,615,1,10/1/1960,Virginia,NC - Raleigh,Riddick Field,W,;
26,13,169,1,10/22/1914,West Virginia,NC - Raleigh,Riddick Field,W,:
26,13,518,2,9/8/1951,Camp LeJeune,NC - Jacksonville,Varsity Field,W,;
26,14,387,1,11/6/1937,Citadel,NC - Raleigh,Riddick Field,W,:
26,14,595,2,10/4/1958,Virginia,VA - Charlottesville,Scott Stadium,W,;
26,17,1075,1,9/22/2001,Southern Methodist,TX - Dallas,Gerald J. Ford Stadium,W,;
26,19,282,1,11/11/1926,Duke,NC - Raleigh,Riddick Field,W,;
26,27,873,1,11/10/1983,Duke,NC - Durham,Wallace Wade Stadium,L,;
26,28,1312,1,11/21/2019,Georgia Tech,GA - Atlanta,Bobby Dodd Stadium,L,;
26,30,922,1,9/24/1988,Maryland,MD - College Park,SECU Stadium,L,;
26,34,570,1,11/12/1955,Virginia Tech,WV - Bluefield,Mitchell Stadium,L,;
26,35,941,1,11/11/1989,Duke,NC - Durham,Wallace Wade Stadium,L,;
26,47,1056,1,10/16/1999,Virginia,NC - Raleigh,Carter-Finley Stadium,L,;
27,0,375,1,10/17/1936,Furman,NC - Raleigh,Riddick Field,W,:
27,0,777,2,10/4/1975,Indiana,NC - Raleigh,Carter-Finley Stadium,W,;
27,3,642,1,11/22/1962,Wake Forest,NC - Winston-Salem,Bowman-Gray Stadium,W,:
27,3,903,2,10/25/1986,Clemson,NC - Raleigh,Carter-Finley Stadium,W,;
27,6,60,1,11/28/1901,Davidson,NC - Raleigh,Fair Grounds (Raleigh),W,;
27,7,179,1,11/6/1915,Gallaudet,NC - Raleigh,Riddick Field,W,:
27,7,450,2,9/23/1944,Milligan,NC - Raleigh,Riddick Field,W,:
27,7,475,3,11/16/1946,Virginia,NC - Raleigh,Riddick Field,W,:
27,7,545,4,10/10/1953,Davidson,NC - Raleigh,Riddick Field,W,:
27,7,1084,5,11/24/2001,Ohio,NC - Raleigh,Carter-Finley Stadium,W,;
27,10,1222,1,11/24/2012,Boston College,NC - Raleigh,Carter-Finley Stadium,W,;
27,13,832,1,9/20/1980,Virginia,VA - Charlottesville,Scott Stadium,W,;
27,14,505,1,11/12/1949,Wake Forest,NC - Raleigh,Riddick Field,W,:
27,14,1347,2,9/17/2022,Texas Tech,NC - Raleigh,Carter-Finley Stadium,W,;
27,17,934,1,9/16/1989,Wake Forest,NC - Winston-Salem,Allegacy Federal Credit Union Stadium,W,:
27,17,1168,2,11/8/2008,Duke,NC - Durham,Wallace Wade Stadium,W,;
27,19,809,1,9/16/1978,Syracuse,NC - Raleigh,Carter-Finley Stadium,W,;
27,20,972,1,9/26/1992,North Carolina,NC - Chapel Hill,Kenan Memorial Stadium,W,;
27,21,842,1,9/5/1981,Richmond,NC - Raleigh,Carter-Finley Stadium,W,:
27,21,1116,2,10/2/2004,Wake Forest,NC - Raleigh,Carter-Finley Stadium,W,:
27,21,1278,3,9/23/2017,Florida State,FL - Tallahassee,Doak Campbell Stadium,W,:
27,21,1335,4,9/25/2021,Clemson,NC - Raleigh,Carter-Finley Stadium,W,;
27,22,879,1,10/6/1984,Georgia Tech,GA - Atlanta,Bobby Dodd Stadium,W,;
27,24,1043,1,10/17/1998,Duke,NC - Raleigh,Carter-Finley Stadium,W,;
27,33,1191,1,10/16/2010,East Carolina,NC - Greenville,Dowdy-Ficklen Stadium,L,;
27,34,1066,1,10/7/2000,Clemson,SC - Clemson,Memorial Stadium (Clemson),L,:
27,34,1199,2,9/10/2011,Wake Forest,NC - Winston-Salem,Allegacy Federal Credit Union Stadium,L,;
27,44,1304,1,9/14/2019,West Virginia,WV - Morgantown,Milan Puskar Stadium,L,;
28,0,192,1,10/13/1917,Roanoke,NC - Raleigh,Riddick Field,W,;
28,3,140,1,11/19/1910,Wake Forest,NC - Wake Forest,Athletic Field (Wake Forest),W,;
28,6,534,1,10/11/1952,Davidson,NC - Raleigh,Riddick Field,W,:
28,6,1099,2,1/1/2003,Notre Dame,FL - Jacksonville,TIAA Bank Field,W,;
28,7,457,1,11/10/1944,Miami (FL),FL - Miami,Miami Orange Bowl,W,:
28,7,477,2,11/30/1946,Maryland,NC - Raleigh,Riddick Field,W,:
28,7,690,3,10/28/1967,Duke,NC - Raleigh,Carter-Finley Stadium,W,:
28,7,830,4,11/17/1979,Duke,NC - Durham,Wallace Wade Stadium,W,;
28,13,1339,1,10/30/2021,Louisville,NC - Raleigh,Carter-Finley Stadium,W,;
28,14,1204,1,10/22/2011,Virginia,VA - Charlottesville,Scott Stadium,W,:
28,14,1340,2,11/6/2021,Florida State,FL - Tallahassee,Doak Campbell Stadium,W,;
28,16,900,1,9/27/1986,Maryland,MD - College Park,SECU Stadium,W,;
28,20,673,1,11/20/1965,Iowa,IA - Iowa City,Kinnick Stadium,W,;
28,21,571,1,11/19/1955,William & Mary,NC - Raleigh,Riddick Field,W,:
28,21,781,2,11/1/1975,South Carolina,NC - Raleigh,Carter-Finley Stadium,W,:
28,21,960,3,10/5/1991,Georgia Tech,NC - Raleigh,Carter-Finley Stadium,W,:
28,21,1108,4,10/25/2003,Duke,NC - Durham,Wallace Wade Stadium,W,:
28,21,1186,5,9/11/2010,Central Florida,FL - Orlando,FBC Mortgage Stadium,W,:
28,21,1273,6,11/25/2016,North Carolina,NC - Chapel Hill,Kenan Memorial Stadium,W,;
28,22,764,1,9/28/1974,Syracuse,NY - Syracuse,JMA Wireless Dome,W,;
28,23,843,1,9/12/1981,Wake Forest,NC - Winston-Salem,Allegacy Federal Credit Union Stadium,W,:
28,23,931,2,12/31/1988,Iowa,GA - Atlanta,Atlanta-Fulton County Stadium,W,:
28,23,987,3,10/23/1993,Georgia Tech,NC - Raleigh,Carter-Finley Stadium,W,:
28,23,1293,4,10/6/2018,Boston College,NC - Raleigh,Carter-Finley Stadium,W,;
28,24,1004,1,1/1/1995,Mississippi State,GA - Atlanta,Georgia Dome,W,:
28,24,1192,2,10/28/2010,Florida State,NC - Raleigh,Carter-Finley Stadium,W,;
28,26,753,1,10/6/1973,North Carolina,NC - Raleigh,Carter-Finley Stadium,W,;
28,27,1184,1,11/28/2009,North Carolina,NC - Raleigh,Carter-Finley Stadium,W,;
28,30,828,1,11/3/1979,South Carolina,SC - Columbia,Williams-Brice Stadium,L,:
28,30,1015,2,11/24/1995,North Carolina,NC - Raleigh,Carter-Finley Stadium,L,;
28,33,612,1,12/5/1959,Maryland,MD - College Park,SECU Stadium,L,;
28,35,524,1,10/20/1951,William & Mary,NC - Raleigh,Riddick Field,L,:
28,35,883,2,11/3/1984,South Carolina,NC - Raleigh,Carter-Finley Stadium,L,:
28,35,1069,3,11/4/2000,Maryland,MD - College Park,SECU Stadium,L,:
28,35,1275,4,9/2/2017,South Carolina,NC - Charlotte,Bank of America Stadium,L,;
28,42,1234,1,11/23/2013,East Carolina,NC - Raleigh,Carter-Finley Stadium,L,;
28,49,1178,1,10/10/2009,Duke,NC - Raleigh,Carter-Finley Stadium,L,;
28,51,1261,1,12/30/2015,Mississippi State,NC - Charlotte,Bank of America Stadium,L,;
29,0,95,1,10/26/1905,South Carolina,SC - Columbia,Fair Grounds (Columbia),W,;
29,5,67,1,10/31/1902,Guilford,NC - Raleigh,Fair Grounds (Raleigh),W,;
29,6,755,1,10/27/1973,Clemson,SC - Clemson,Memorial Stadium (Clemson),W,;
29,7,669,1,10/23/1965,Maryland,MD - College Park,SECU Stadium,W,;
29,12,994,1,9/10/1994,Clemson,SC - Clemson,Memorial Stadium (Clemson),W,;
29,13,808,1,9/9/1978,East Carolina,NC - Raleigh,Carter-Finley Stadium,W,;
29,14,613,1,9/17/1960,Virginia Tech,NC - Raleigh,Riddick Field,W,;
29,15,810,1,9/23/1978,West Virginia,NC - Raleigh,Carter-Finley Stadium,W,:
29,15,906,2,11/15/1986,Duke,NC - Raleigh,Carter-Finley Stadium,W,;
29,24,1155,1,10/27/2007,Virginia,NC - Raleigh,Carter-Finley Stadium,W,;
29,25,1195,1,11/20/2010,North Carolina,NC - Chapel Hill,Kenan Memorial Stadium,W,;
29,26,592,1,11/23/1957,South Carolina,SC - Columbia,Williams-Brice Stadium,W,;
29,35,757,1,11/10/1973,Penn State,PA - State College,Beaver Stadium,L,;
29,38,859,1,10/23/1982,Clemson,NC - Raleigh,Carter-Finley Stadium,L,;
29,50,1026,1,11/30/1996,East Carolina,NC - Charlotte,Bank of America Stadium,L,;
30,0,855,1,9/18/1982,Wake Forest,NC - Raleigh,Carter-Finley Stadium,W,;
30,3,958,1,9/21/1991,Wake Forest,NC - Winston-Salem,Allegacy Federal Credit Union Stadium,W,;
30,5,71,1,11/27/1902,Richmond,NC - Raleigh,Fair Grounds (Raleigh),W,;
30,7,288,1,10/13/1927,Wake Forest,NC - Raleigh,Riddick Field,W,;
30,8,691,1,11/4/1967,Virginia,VA - Charlottesville,Scott Stadium,W,;
30,17,819,1,12/23/1978,Pittsburgh,FL - Orlando,Camping World Stadium,W,:
30,17,1059,2,11/6/1999,Maryland,NC - Raleigh,Carter-Finley Stadium,W,;
30,19,1187,1,9/16/2010,Cincinnati,NC - Raleigh,Carter-Finley Stadium,W,;
30,20,1383,1,9/14/2024,Louisiana Tech,NC - Raleigh,Carter-Finley Stadium,W,;
30,21,1353,1,11/5/2022,Wake Forest,NC - Raleigh,Carter-Finley Stadium,W,;
30,23,1065,1,9/21/2000,Georgia Tech,NC - Raleigh,Carter-Finley Stadium,W,;
30,24,846,1,10/3/1981,Virginia,NC - Raleigh,Carter-Finley Stadium,W,:
30,24,1163,2,9/20/2008,East Carolina,NC - Raleigh,Carter-Finley Stadium,W,;
30,27,1003,1,11/25/1994,Virginia,VA - Charlottesville,Scott Stadium,W,:
30,27,1356,2,11/25/2022,North Carolina,NC - Chapel Hill,Kenan Memorial Stadium,W,;
30,28,915,1,10/24/1987,Clemson,SC - Clemson,Memorial Stadium (Clemson),W,;
30,29,1320,1,10/3/2020,Pittsburgh,PA - Pittsburgh,Heinz Field,W,;
30,31,1338,1,10/23/2021,Miami (FL),FL - Miami Gardens,Hard Rock Stadium,L,;
30,33,1040,1,9/19/1998,Baylor,TX - Waco,Floyd Casey Stadium,L,:
30,33,1263,2,9/10/2016,East Carolina,NC - Greenville,Dowdy-Ficklen Stadium,L,;
30,34,876,1,9/15/1984,Furman,NC - Raleigh,Carter-Finley Stadium,L,:
30,34,1386,2,10/5/2024,Wake Forest,NC - Raleigh,Carter-Finley Stadium,L,;
30,41,1189,1,10/2/2010,Virginia Tech,NC - Raleigh,Carter-Finley Stadium,L,;
31,0,527,1,11/10/1951,Davidson,NC - Charlotte,American Legion Memorial Stadium,W,:
31,0,710,2,10/18/1969,Virginia,VA - Charlottesville,Scott Stadium,W,;
31,7,977,1,11/7/1992,Virginia,VA - Charlottesville,Scott Stadium,W,:
31,7,1213,2,9/15/2012,South Alabama,NC - Raleigh,Carter-Finley Stadium,W,;
31,9,688,1,10/14/1967,Maryland,MD - College Park,SECU Stadium,W,;
31,10,763,1,9/21/1974,Clemson,NC - Raleigh,Carter-Finley Stadium,W,:
31,10,844,2,9/19/1981,East Carolina,NC - Raleigh,Carter-Finley Stadium,W,;
31,11,701,1,10/26/1968,Maryland,NC - Raleigh,Carter-Finley Stadium,W,;
31,18,760,1,12/17/1973,Kansas,TN - Memphis,Memphis Memorial Stadium,W,:
31,18,907,2,11/22/1986,Western Carolina,NC - Raleigh,Carter-Finley Stadium,W,;
31,20,1323,1,10/17/2020,Duke,NC - Raleigh,Carter-Finley Stadium,W,;
31,22,878,1,9/29/1984,East Carolina,NC - Raleigh,Carter-Finley Stadium,W,;
31,23,736,1,11/20/1971,Clemson,SC - Clemson,Memorial Stadium (Clemson),W,;
31,24,1036,1,11/15/1997,Virginia,NC - Raleigh,Carter-Finley Stadium,W,:
31,24,1057,2,10/23/1999,Duke,NC - Durham,Wallace Wade Stadium,W,:
31,24,1106,3,10/11/2003,Connecticut,NC - Raleigh,Carter-Finley Stadium,W,:
31,24,1210,4,12/27/2011,Louisville,NC - Charlotte,Bank of America Stadium,W,;
31,27,821,1,9/15/1979,Virginia,NC - Raleigh,Carter-Finley Stadium,W,:
31,27,955,2,12/28/1990,Southern Mississippi,AL - Birmingham,Legion Field,W,:
31,27,1157,3,11/10/2007,North Carolina,NC - Raleigh,Carter-Finley Stadium,W,;
31,31,772,1,12/23/1974,Houston,TX - Houston,Astrodome,T,:
31,31,788,2,9/25/1976,Michigan State,NC - Raleigh,Carter-Finley Stadium,T,;
31,34,919,1,11/21/1987,Virginia,NC - Raleigh,Carter-Finley Stadium,L,;
31,38,1165,1,10/4/2008,Boston College,NC - Raleigh,Carter-Finley Stadium,L,:
31,38,1196,2,11/27/2010,Maryland,MD - College Park,SECU Stadium,L,:
31,38,1283,3,11/4/2017,Clemson,NC - Raleigh,Carter-Finley Stadium,L,;
31,44,824,1,10/6/1979,Auburn,AL - Auburn,Jordan-Hare Stadium,L,;
31,45,1119,1,10/23/2004,Miami (FL),NC - Raleigh,Carter-Finley Stadium,L,;
32,0,244,1,11/25/1922,Wake Forest,NC - Wake Forest,Gore Field,W,;
32,13,1089,1,9/14/2002,Wake Forest,NC - Raleigh,Carter-Finley Stadium,W,;
32,14,1072,1,11/25/2000,Wake Forest,NC - Raleigh,Carter-Finley Stadium,W,;
32,31,965,1,11/16/1991,Duke,NC - Durham,Wallace Wade Stadium,W,:
32,31,1027,2,8/30/1997,Syracuse,NY - Syracuse,JMA Wireless Dome,W,;
33,0,75,1,10/19/1903,Danville Military Institute,VA - Danville,Athletic Park (Danville),W,:
33,0,130,2,10/30/1909,Maryland,NC - Raleigh,Riddick Field,W,;
33,3,860,1,10/30/1982,South Carolina,NC - Raleigh,Carter-Finley Stadium,W,;
33,7,568,1,10/29/1955,Furman,SC - Greenville,Sirrine Stadium,W,:
33,7,679,2,10/22/1966,Duke,NC - Durham,Wallace Wade Stadium,W,:
33,7,872,3,11/5/1983,Appalachian State,NC - Raleigh,Carter-Finley Stadium,W,:
33,7,1337,4,10/16/2021,Boston College,MA - Chestnut Hill,Alumni Stadium (Boston College),W,;
33,15,761,1,9/7/1974,Wake Forest,NC - Winston-Salem,Allegacy Federal Credit Union Stadium,W,;
33,16,1005,1,8/31/1995,Marshall,NC - Raleigh,Carter-Finley Stadium,W,:
33,16,1265,2,10/1/2016,Wake Forest,NC - Raleigh,Carter-Finley Stadium,W,;
33,21,1286,1,11/25/2017,North Carolina,NC - Raleigh,Carter-Finley Stadium,W,;
33,25,1279,1,9/30/2017,Syracuse,NC - Raleigh,Carter-Finley Stadium,W,;
33,26,854,1,9/11/1982,East Carolina,NC - Raleigh,Carter-Finley Stadium,W,;
33,34,739,1,9/23/1972,North Carolina,NC - Chapel Hill,Kenan Memorial Stadium,L,;
34,0,59,1,11/22/1901,Guilford,NC - Raleigh,Fair Grounds (Raleigh),W,:
34,0,293,2,11/24/1927,South Carolina,SC - Columbia,Melton Field,W,:
34,0,412,3,9/28/1940,Davidson,NC - Raleigh,Riddick Field,W,:
34,0,519,4,9/15/1951,Catawba,NC - Raleigh,Riddick Field,W,:
34,0,1087,5,8/31/2002,East Tennessee State,NC - Raleigh,Carter-Finley Stadium,W,;
34,3,998,1,10/15/1994,Wake Forest,NC - Raleigh,Carter-Finley Stadium,W,;
34,6,513,1,10/28/1950,Virginia Tech,NC - Raleigh,Riddick Field,W,:
34,6,1302,2,8/31/2019,East Carolina,NC - Raleigh,Carter-Finley Stadium,W,;
34,7,813,1,10/21/1978,North Carolina,NC - Chapel Hill,Kenan Memorial Stadium,W,;
34,8,1019,1,10/5/1996,Maryland,MD - College Park,SECU Stadium,W,;
34,10,811,1,9/30/1978,Wake Forest,NC - Winston-Salem,Allegacy Federal Credit Union Stadium,W,;
34,13,567,1,10/22/1955,Villanova,PA - Bryn Mawr,Villanova Stadium,W,;
34,14,1086,1,8/24/2002,New Mexico,NC - Raleigh,Carter-Finley Stadium,W,;
34,16,982,1,9/11/1993,Wake Forest,NC - Winston-Salem,Allegacy Federal Credit Union Stadium,W,;
34,17,1092,1,10/12/2002,North Carolina,NC - Chapel Hill,Kenan Memorial Stadium,W,;
34,20,820,1,9/8/1979,East Carolina,NC - Raleigh,Carter-Finley Stadium,W,:
34,20,1154,2,10/20/2007,East Carolina,NC - Greenville,Dowdy-Ficklen Stadium,W,;
34,23,1305,1,9/21/2019,Ball State,NC - Raleigh,Carter-Finley Stadium,W,;
34,24,1161,1,9/6/2008,William & Mary,NC - Raleigh,Carter-Finley Stadium,W,;
34,27,1248,1,12/26/2014,Central Florida,FL - St. Petersburg,Tropicana Field,W,:
34,27,1336,2,10/2/2021,Louisiana Tech,NC - Raleigh,Carter-Finley Stadium,W,;
34,28,1082,1,11/10/2001,Florida State,FL - Tallahassee,Doak Campbell Stadium,W,:
34,28,1299,2,11/24/2018,North Carolina,NC - Chapel Hill,Kenan Memorial Stadium,W,;
34,29,988,1,10/30/1993,Virginia,NC - Raleigh,Carter-Finley Stadium,W,;
34,30,1343,1,11/26/2021,North Carolina,NC - Raleigh,Carter-Finley Stadium,W,;
34,31,1038,1,9/3/1998,Ohio,NC - Raleigh,Carter-Finley Stadium,W,;
34,35,882,1,10/27/1984,Clemson,NC - Raleigh,Carter-Finley Stadium,L,;
34,37,967,1,1/1/1992,East Carolina,GA - Atlanta,Atlanta-Fulton County Stadium,L,:
34,37,1048,2,11/28/1998,North Carolina,NC - Charlotte,Bank of America Stadium,L,;
34,45,1260,1,11/28/2015,North Carolina,NC - Raleigh,Carter-Finley Stadium,L,;
35,0,1250,1,9/12/2015,Eastern Kentucky,NC - Raleigh,Carter-Finley Stadium,W,;
35,7,1247,1,11/29/2014,North Carolina,NC - Chapel Hill,Kenan Memorial Stadium,W,;
35,10,969,1,9/5/1992,Appalachian State,NC - Raleigh,Carter-Finley Stadium,W,;
35,13,1200,1,9/17/2011,South Alabama,NC - Raleigh,Carter-Finley Stadium,W,;
35,14,745,1,11/4/1972,Virginia,VA - Charlottesville,Scott Stadium,W,:
35,14,771,2,11/16/1974,Arizona State,AZ - Tempe,Sun Devil Stadium,W,:
35,14,937,3,10/7/1989,Middle Tennessee,NC - Raleigh,Carter-Finley Stadium,W,:
35,14,1074,4,9/6/2001,Indiana,NC - Raleigh,Carter-Finley Stadium,W,;
35,17,1255,1,10/24/2015,Wake Forest,NC - Winston-Salem,Allegacy Federal Credit Union Stadium,W,:
35,17,1281,2,10/14/2017,Pittsburgh,PA - Pittsburgh,Heinz Field,W,;
35,20,1271,1,11/12/2016,Syracuse,NY - Syracuse,JMA Wireless Dome,W,;
35,21,762,1,9/14/1974,Duke,NC - Raleigh,Carter-Finley Stadium,W,:
35,21,1047,2,11/21/1998,Maryland,MD - College Park,SECU Stadium,W,:
35,21,1292,3,9/29/2018,Virginia,NC - Raleigh,Carter-Finley Stadium,W,;
35,28,1378,1,11/18/2023,Virginia Tech,VA - Blacksburg,Lane Stadium,W,;
35,31,1055,1,10/9/1999,Clemson,NC - Raleigh,Carter-Finley Stadium,W,:
35,31,1070,2,11/11/2000,Duke,NC - Raleigh,Carter-Finley Stadium,W,;
35,34,902,1,10/18/1986,North Carolina,NC - Chapel Hill,Kenan Memorial Stadium,W,;
35,43,1218,1,10/27/2012,North Carolina,NC - Chapel Hill,Kenan Memorial Stadium,L,;
35,45,1202,1,10/1/2011,Georgia Tech,NC - Raleigh,Carter-Finley Stadium,L,;
35,48,1034,1,11/1/1997,Florida State,FL - Tallahassee,Doak Campbell Stadium,L,;
35,59,1384,1,9/21/2024,Clemson,SC - Clemson,Memorial Stadium (Clemson),L,;
36,6,214,1,11/8/1919,Davidson,NC - Charlotte,Wearn Field,W,;
36,12,699,1,10/12/1968,South Carolina,NC - Raleigh,Carter-Finley Stadium,W,;
36,14,643,1,9/21/1963,Maryland,MD - College Park,SECU Stadium,W,:
36,14,841,2,11/22/1980,East Carolina,NC - Raleigh,Carter-Finley Stadium,W,;
36,29,1329,1,11/28/2020,Syracuse,NY - Syracuse,JMA Wireless Dome,W,;
36,34,985,1,10/9/1993,Texas Tech,TX - Lubbock,Jones Stadium,W,;
37,0,161,1,11/1/1913,Wake Forest,NC - Raleigh,Riddick Field,W,:
37,0,298,2,10/18/1928,Wake Forest,NC - Raleigh,Riddick Field,W,:
37,0,315,3,9/20/1930,High Point,NC - Raleigh,Riddick Field,W,;
37,6,476,1,11/23/1946,Florida,FL - Tampa,Phillips Field,W,:
37,6,1220,2,11/10/2012,Wake Forest,NC - Raleigh,Carter-Finley Stadium,W,;
37,13,1208,1,11/19/2011,Clemson,NC - Raleigh,Carter-Finley Stadium,W,;
37,20,1276,1,9/9/2017,Marshall,NC - Raleigh,Carter-Finley Stadium,W,:
37,20,1291,2,9/22/2018,Marshall,WV - Huntington,Joan C. Edwards Stadium,W,;
37,22,1025,1,11/23/1996,Wake Forest,NC - Raleigh,Carter-Finley Stadium,W,;
37,24,1037,1,11/22/1997,East Carolina,NC - Raleigh,Carter-Finley Stadium,W,;
37,32,806,1,11/12/1977,Duke,NC - Durham,Wallace Wade Stadium,W,;
37,44,1215,1,9/29/2012,Miami (FL),FL - Miami Gardens,Hard Rock Stadium,L,;
37,45,1078,1,10/13/2001,Clemson,NC - Raleigh,Carter-Finley Stadium,L,;
38,0,334,1,9/24/1932,Appalachian State,NC - Raleigh,Riddick Field,W,:
38,0,798,2,9/17/1977,Syracuse,NY - Syracuse,JMA Wireless Dome,W,;
38,3,1194,1,11/13/2010,Wake Forest,NC - Raleigh,Carter-Finley Stadium,W,;
38,6,696,1,9/21/1968,North Carolina,NC - Chapel Hill,Kenan Memorial Stadium,W,:
38,6,1094,2,10/24/2002,Clemson,SC - Clemson,Memorial Stadium (Clemson),W,;
38,9,1052,1,9/11/1999,William & Mary,NC - Raleigh,Carter-Finley Stadium,W,;
38,10,897,1,9/6/1986,East Carolina,NC - Raleigh,Carter-Finley Stadium,W,;
38,13,995,1,9/24/1994,Western Carolina,NC - Raleigh,Carter-Finley Stadium,W,;
38,14,631,1,11/18/1961,South Carolina,NC - Raleigh,Riddick Field,W,:
38,14,822,2,9/22/1979,West Virginia,WV - Morgantown,Mountaineer Field,W,:
38,14,1251,3,9/19/2015,Old Dominion,VA - Norfolk,S.B. Ballard Stadium,W,;
38,15,867,1,10/1/1983,Wake Forest,NC - Winston-Salem,Allegacy Federal Credit Union Stadium,W,;
38,16,743,1,10/21/1972,East Carolina,NC - Raleigh,Carter-Finley Stadium,W,;
38,17,1041,1,10/1/1998,Syracuse,NC - Raleigh,Carter-Finley Stadium,W,:
38,17,1150,2,9/15/2007,Wofford,NC - Raleigh,Carter-Finley Stadium,W,;
38,20,1067,1,10/14/2000,North Carolina,NC - Chapel Hill,Kenan Memorial Stadium,W,;
38,21,792,1,10/23/1976,Clemson,NC - Raleigh,Carter-Finley Stadium,W,:
38,21,840,2,11/15/1980,Duke,NC - Raleigh,Carter-Finley Stadium,W,:
38,21,963,3,11/2/1991,South Carolina,SC - Columbia,Williams-Brice Stadium,W,:
38,21,1321,4,10/10/2020,Virginia,VA - Charlottesville,Scott Stadium,W,:
38,21,1381,5,8/29/2024,Western Carolina,NC - Raleigh,Carter-Finley Stadium,W,;
38,22,1327,1,11/14/2020,Florida State,NC - Raleigh,Carter-Finley Stadium,W,;
38,24,1203,1,10/8/2011,Central Michigan,NC - Raleigh,Carter-Finley Stadium,W,;
38,27,1046,1,11/7/1998,Wake Forest,NC - Raleigh,Carter-Finley Stadium,W,;
38,28,933,1,9/9/1989,Georgia Tech,NC - Raleigh,Carter-Finley Stadium,W,:
38,28,1171,2,11/29/2008,Miami (FL),NC - Raleigh,Carter-Finley Stadium,W,;
38,29,952,1,10/27/1990,South Carolina,NC - Raleigh,Carter-Finley Stadium,W,;
38,30,1073,1,12/28/2000,Minnesota,FL - Miami Gardens,Hard Rock Stadium,W,;
38,31,1062,1,9/2/2000,Arkansas State,NC - Raleigh,Carter-Finley Stadium,W,:
38,31,1176,2,9/26/2009,Pittsburgh,NC - Raleigh,Carter-Finley Stadium,W,:
38,31,1181,3,11/7/2009,Maryland,NC - Raleigh,Carter-Finley Stadium,W,;
38,44,1102,1,9/13/2003,Ohio State,OH - Columbus,Ohio Stadium,L,;
39,0,99,1,10/1/1906,Randolph-Macon,NC - Raleigh,Fair Grounds (Raleigh),W,:
39,0,127,2,10/2/1909,Maryville,NC - Raleigh,Riddick Field,W,:
39,0,285,3,9/23/1927,Elon,NC - Raleigh,Riddick Field,W,:
39,0,458,4,11/18/1944,Richmond,NC - Raleigh,Riddick Field,W,;
39,20,1379,1,11/25/2023,North Carolina,NC - Raleigh,Carter-Finley Stadium,W,;
39,25,1280,1,10/5/2017,Louisville,NC - Raleigh,Carter-Finley Stadium,W,;
40,0,490,1,10/9/1948,Davidson,NC - Raleigh,Riddick Field,W,;
40,6,935,1,9/23/1989,North Carolina,NC - Raleigh,Carter-Finley Stadium,W,;
40,13,569,1,11/5/1955,Boston University,MA - Boston,Boston University Field,W,;
40,14,1224,1,8/31/2013,Louisiana Tech,NC - Raleigh,Carter-Finley Stadium,W,;
41,0,1064,1,9/16/2000,Southern Methodist,NC - Raleigh,Carter-Finley Stadium,W,:
41,0,1303,2,9/7/2019,Western Carolina,NC - Raleigh,Carter-Finley Stadium,W,;
41,7,1289,1,9/8/2018,Georgia State,NC - Raleigh,Carter-Finley Stadium,W,;
41,10,1170,1,11/22/2008,North Carolina,NC - Chapel Hill,Kenan Memorial Stadium,W,:
41,10,1348,2,9/24/2022,Connecticut,NC - Raleigh,Carter-Finley Stadium,W,;
41,14,799,1,9/24/1977,Wake Forest,NC - Raleigh,Carter-Finley Stadium,W,:
41,14,1030,2,9/20/1997,Northern Illinois,NC - Raleigh,Carter-Finley Stadium,W,;
41,17,1274,1,12/26/2016,Vanderbilt,LA - Shreveport,Independence Stadium,W,:
41,17,1342,2,11/20/2021,Syracuse,NC - Raleigh,Carter-Finley Stadium,W,;
41,38,1011,1,10/21/1995,Duke,NC - Durham,Wallace Wade Stadium,W,:
41,38,1063,2,9/9/2000,Indiana,IN - Bloomington,Memorial Stadium (Indiana),W,;
41,44,1325,1,11/6/2020,Miami (FL),NC - Raleigh,Carter-Finley Stadium,L,;
41,51,1295,1,10/27/2018,Syracuse,NY - Syracuse,JMA Wireless Dome,L,;
41,56,1240,1,9/27/2014,Florida State,NC - Raleigh,Carter-Finley Stadium,L,:
41,56,1256,2,10/31/2015,Clemson,NC - Raleigh,Carter-Finley Stadium,L,;
42,0,652,1,11/22/1963,Wake Forest,NC - Raleigh,Riddick Field,W,:
42,0,831,2,9/6/1980,William & Mary,NC - Raleigh,Carter-Finley Stadium,W,:
42,0,1113,3,9/4/2004,Richmond,NC - Raleigh,Carter-Finley Stadium,W,:
42,0,1239,4,9/20/2014,Presbyterian,NC - Raleigh,Carter-Finley Stadium,W,;
42,13,742,1,10/14/1972,Wake Forest,NC - Winston-Salem,Allegacy Federal Credit Union Stadium,W,:
42,13,1246,2,11/15/2014,Wake Forest,NC - Raleigh,Carter-Finley Stadium,W,;
42,14,912,1,9/26/1987,Maryland,NC - Raleigh,Carter-Finley Stadium,W,:
42,14,979,2,11/21/1992,Wake Forest,NC - Raleigh,Carter-Finley Stadium,W,;
42,17,747,1,11/18/1972,Clemson,NC - Raleigh,Carter-Finley Stadium,W,;
42,21,680,1,10/29/1966,Virginia,NC - Raleigh,Carter-Finley Stadium,W,;
42,22,936,1,9/30/1989,Kent State,NC - Raleigh,Carter-Finley Stadium,W,;
42,24,744,1,10/28/1972,South Carolina,NC - Raleigh,Carter-Finley Stadium,W,;
42,27,769,1,11/2/1974,South Carolina,NC - Raleigh,Carter-Finley Stadium,W,;
42,29,1259,1,11/21/2015,Syracuse,NC - Raleigh,Carter-Finley Stadium,W,;
42,38,899,1,9/20/1986,Wake Forest,NC - Raleigh,Carter-Finley Stadium,W,;
42,45,1180,1,10/31/2009,Florida State,FL - Tallahassee,Doak Campbell Stadium,L,:
42,45,1341,2,11/13/2021,Wake Forest,NC - Winston-Salem,Allegacy Federal Credit Union Stadium,L,;
43,6,875,1,9/8/1984,Ohio,NC - Raleigh,Carter-Finley Stadium,W,;
43,20,738,1,9/16/1972,Syracuse,NC - Raleigh,Carter-Finley Stadium,W,;
43,21,1198,1,9/3/2011,Liberty,NC - Raleigh,Carter-Finley Stadium,W,;
43,23,750,1,9/15/1973,Virginia,NC - Raleigh,Carter-Finley Stadium,W,;
43,43,929,1,11/12/1988,Duke,NC - Raleigh,Carter-Finley Stadium,T,;
44,0,104,1,10/18/1906,William & Mary,NC - Raleigh,Riddick Field,W,:
44,0,425,2,10/25/1941,Newberry,NC - Raleigh,Riddick Field,W,;
44,17,1190,1,10/9/2010,Boston College,NC - Raleigh,Carter-Finley Stadium,W,;
44,21,990,1,11/13/1993,Maryland,NC - Raleigh,Carter-Finley Stadium,W,;
44,22,1023,1,11/9/1996,Duke,NC - Raleigh,Carter-Finley Stadium,W,;
44,50,1110,1,11/15/2003,Florida State,FL - Tallahassee,Doak Campbell Stadium,L,;
45,0,865,1,9/17/1983,Citadel,NC - Raleigh,Carter-Finley Stadium,W,:
45,0,1332,2,9/2/2021,South Florida,NC - Raleigh,Carter-Finley Stadium,W,;
45,6,920,1,9/3/1988,Western Carolina,NC - Raleigh,Carter-Finley Stadium,W,;
45,7,780,1,10/25/1975,Clemson,SC - Clemson,Memorial Stadium (Clemson),W,:
45,7,1334,2,9/18/2021,Furman,NC - Raleigh,Carter-Finley Stadium,W,:
45,7,1360,3,9/16/2023,Virginia Military Institute,NC - Raleigh,Carter-Finley Stadium,W,;
45,14,1028,1,9/6/1997,Duke,NC - Durham,Wallace Wade Stadium,W,:
45,14,1175,2,9/19/2009,Gardner-Webb,NC - Raleigh,Carter-Finley Stadium,W,;
45,27,978,1,11/14/1992,Duke,NC - Raleigh,Carter-Finley Stadium,W,;
45,28,1035,1,11/8/1997,Maryland,NC - Raleigh,Carter-Finley Stadium,W,:
45,28,1188,2,9/25/2010,Georgia Tech,GA - Atlanta,Bobby Dodd Stadium,W,;
45,42,1317,1,9/19/2020,Wake Forest,NC - Raleigh,Carter-Finley Stadium,W,;
46,34,1237,1,9/6/2014,Old Dominion,NC - Raleigh,Carter-Finley Stadium,W,;
46,39,1045,1,10/31/1998,Clemson,SC - Clemson,Memorial Stadium (Clemson),W,;
47,0,957,1,9/14/1991,Kent State,NC - Raleigh,Carter-Finley Stadium,W,;
47,12,459,1,9/22/1945,Milligan,NC - Raleigh,Riddick Field,W,;
47,28,1296,1,11/3/2018,Florida State,NC - Raleigh,Carter-Finley Stadium,W,;
47,34,1104,1,9/27/2003,North Carolina,NC - Raleigh,Carter-Finley Stadium,W,;
47,45,918,1,11/14/1987,Duke,NC - Durham,Wallace Wade Stadium,W,:
47,45,1000,2,11/5/1994,Maryland,MD - College Park,SECU Stadium,W,;
48,3,925,1,10/15/1988,North Carolina,NC - Chapel Hill,Kenan Memorial Stadium,W,;
48,7,1185,1,9/4/2010,Western Carolina,NC - Raleigh,Carter-Finley Stadium,W,;
48,13,584,1,9/28/1957,Maryland,MD - College Park,SECU Stadium,W,:
48,13,974,2,10/10/1992,Texas Tech,NC - Raleigh,Carter-Finley Stadium,W,;
48,14,1227,1,9/28/2013,Central Michigan,NC - Raleigh,Carter-Finley Stadium,W,:
48,14,1262,2,9/1/2016,William & Mary,NC - Raleigh,Carter-Finley Stadium,W,;
48,41,1373,1,10/7/2023,Marshall,NC - Raleigh,Carter-Finley Stadium,W,;
48,62,1221,1,11/17/2012,Clemson,SC - Clemson,Memorial Stadium (Clemson),L,;
49,0,924,1,10/8/1988,East Tennessee State,NC - Raleigh,Carter-Finley Stadium,W,;
49,7,226,1,11/25/1920,Wake Forest,NC - Raleigh,Riddick Field,W,:
49,7,473,2,11/2/1946,Virginia Military Institute,VA - Roanoke,Victory Stadium,W,;
49,13,748,1,12/29/1972,West Virginia,GA - Atlanta,Atlanta-Fulton County Stadium,W,;
49,16,1277,1,9/16/2017,Furman,NC - Raleigh,Carter-Finley Stadium,W,;
49,17,1238,1,9/13/2014,South Florida,FL - Tampa,Raymond James Stadium,W,;
49,21,1103,1,9/20/2003,Texas Tech,NC - Raleigh,Carter-Finley Stadium,W,:
49,21,1249,2,9/5/2015,Troy,NC - Raleigh,Carter-Finley Stadium,W,;
49,22,1264,1,9/17/2016,Old Dominion,NC - Raleigh,Carter-Finley Stadium,W,;
50,0,72,1,10/5/1903,Guilford,NC - Raleigh,Fair Grounds (Raleigh),W,:
50,0,139,2,11/12/1910,Richmond,NC - Raleigh,Riddick Field,W,;
51,0,165,1,10/3/1914,Wake Forest,NC - Raleigh,Riddick Field,W,;
51,37,1109,1,11/1/2003,Virginia,NC - Raleigh,Carter-Finley Stadium,W,;
51,48,1090,1,9/21/2002,Texas Tech,TX - Lubbock,Jones Stadium,W,;
52,10,1298,1,11/17/2018,Louisville,KY - Louisville,L&N Federal Credit Union Stadium,W,;
52,13,759,1,11/24/1973,Wake Forest,NC - Raleigh,Carter-Finley Stadium,W,;
52,14,1123,1,11/27/2004,East Carolina,NC - Charlotte,Bank of America Stadium,W,:
52,14,1214,2,9/22/2012,Citadel,NC - Raleigh,Carter-Finley Stadium,W,;
52,23,1014,1,11/18/1995,Wake Forest,NC - Winston-Salem,Allegacy Federal Credit Union Stadium,W,;
52,31,1287,1,12/29/2017,Arizona State,TX - El Paso,Sun Bowl Stadium,W,;
53,0,81,1,11/23/1903,Richmond,NC - Raleigh,Fair Grounds (Raleigh),W,;
54,0,157,1,10/4/1913,USS Franklin,NC - Raleigh,Riddick Field,W,:
54,0,199,2,9/28/1918,Guilford,NC - Raleigh,Riddick Field,W,;
54,10,1125,1,9/17/2005,Eastern Kentucky,NC - Raleigh,Carter-Finley Stadium,W,;
55,3,1346,1,9/10/2022,Charleston Southern,NC - Raleigh,Carter-Finley Stadium,W,;
55,31,1081,1,11/3/2001,Duke,NC - Durham,Wallace Wade Stadium,W,;
56,0,949,1,10/6/1990,Appalachian State,NC - Raleigh,Carter-Finley Stadium,W,;
56,24,1091,1,9/28/2002,Massachusetts,NC - Raleigh,Carter-Finley Stadium,W,;
56,26,1112,1,12/22/2003,Kansas,FL - Orlando,Camping World Stadium,W,;
56,35,756,1,11/3/1973,South Carolina,SC - Columbia,Williams-Brice Stadium,W,;
56,41,1209,1,11/26/2011,Maryland,NC - Raleigh,Carter-Finley Stadium,W,;
57,0,295,1,9/28/1928,Elon,NC - Raleigh,Riddick Field,W,;
57,8,749,1,9/8/1973,East Carolina,NC - Raleigh,Carter-Finley Stadium,W,;
58,3,1300,1,12/1/2018,East Carolina,NC - Raleigh,Carter-Finley Stadium,W,;
59,0,83,1,9/24/1904,Guilford,NC - Raleigh,Fair Grounds (Raleigh),W,;
59,20,1100,1,8/30/2003,Western Carolina,NC - Raleigh,Carter-Finley Stadium,W,;
63,13,1252,1,9/26/2015,South Alabama,AL - Mobile,Ladd-Peebles Stadium,W,;
65,7,1174,1,9/12/2009,Murray State,NC - Raleigh,Carter-Finley Stadium,W,;
65,19,1088,1,9/7/2002,Navy,MD - Annapolis,Navy-Marine Corps Memorial Stadium,W,;
67,0,944,1,9/1/1990,Western Carolina,NC - Raleigh,Carter-Finley Stadium,W,;
76,0,125,1,11/21/1908,Wake Forest,NC - Raleigh,Riddick Field,W,;
78,0,211,1,10/18/1919,Roanoke,NC - Raleigh,Riddick Field,W,;
80,0,208,1,9/27/1919,Guilford,NC - Raleigh,Riddick Field,W,;
81,0,223,1,11/6/1920,William & Mary,NC - Raleigh,Riddick Field,W,;
90,7,225,1,11/20/1920,Wofford,NC - Raleigh,Riddick Field,W,;
100,0,210,1,10/11/1919,Hampton Roads Receiving Ship,NC - Raleigh,Riddick Field,W,;